Workbook

Sheet TOUR PUNTEN
A1: Vuelta Draft 👑 | D1: Roel | E1: Casper | F1: Jonas | G1: Dries
A3: Spelregels | C3: 1 | D3: Tadej Pogacar | E3: Jasper Philipsen | F3: Jonas Vingegaard | G3: Remco Evenepoel | H3: 29 min Wereldrecord
A4: Iedere speler kiest 10 unieke renners naar keuze (via een draft systeem). | C4: 2 | D4: Matteo Jorgenson | E4: Carlos Rodriguez | F4: Mads Pedersen | G4: Primoz Roglic
A5: Elke renner rijdt elke etappe mee. | C5: 3 | D5: Wout Van Aert | E5: Juan Ayuso | F5: Tom Pidcock | G5: Arnaud De Lie
A6: Nadien worden er volgens hetzelfde systeem nog 5 bank renners gekozen. | C6: 4 | D6: Pascal Ackermann | E6: Dylan Groenewegen | F6: Phil Bauhaus | G6: Lenny Martinez
C7: 5 | D7: Joao Almeida | E7: Bryan Coquard | F7: Aleksandr Vlasov | G7: Tobias Johannessen
A8: Algemene punten | C8: 6 | D8: Geraint Thomas | E8: Simon Yates | F8: Adam Yates | G8: Gerben Thijssen
C9: 7 | D9: Oier Lazkano | E9: Santiago Buitrago | F9: Biniam Girmay | G9: Romain Bardet
C10: 8 | D10: Mathieu Van Der Poel | E10: Fernando Gaviria | F10: Pello Bilbao | G10: Sam Bennett
C11: 9 | D11: Romain Gregoire | E11: Derek Gee | F11: Matej Mohoric | G11: Maxim Van Gils
C12: 10 | D12: Jai Hindley | E12: Felix Gall | F12: Alexander Kristoff | G12: Alberto Bettiol
C13: 11 | D13: Luca Mozzato | E13: Giulio Ciccone | F13: Ben Healy | G13: Stefan Kung
C14: 12 | D14: Marc Soler | E14: Mark Cavendish | F14: Soren Waerenskjold | G14: Michael Matthews
C15: 13 | D15: Warren Barguil | E15: David Gaudu | F15: Marijn Van Den Berg | G15: Mikel Landa
C16: 14 | D16: Christophe Laporte | E16: Oscar Onley | F16: Egan Bernal | G16: Richard Carapaz
C17: 15 | D17: Toms Skujins | E17: Wout Poels | F17: Alfred Wright | G17: Alexey Lutsenko
C18: 16 | D18: Tiesj Bennoot | E18: Enric Mas | F18: Wilco Kelderman | G18: Magnus Cort
C19: 17 | D19: Clement Champoussin | E19: Neilson Powless | F19: Louis Meintjes | G19: Fabio Jakobsen
C20: 18 | D20: Alex Aranburu | E20: Ilan Van Wilder | F20: Michal Kwiatkowski | G20: Danny Van Poppel
C21: 19
C22: 20
D26: Roel | E26: Casper | F26: Jonas | G26: Dries | H26: Team 5
C27: Rit 1 | D27: {=SUM(_xlfn.XLOOKUP(D$3:D$14,Puntentelling!$C$4:$C$32,Puntentelling!$F$4:$F$32,0,0,1))} -> 140 | E27: {=SUM(_xlfn.XLOOKUP(E$3:E$14,Puntentelling!$C$4:$C$32,Puntentelling!$F$4:$F$32,0,0,1))} -> 9 | F27: {=SUM(_xlfn.XLOOKUP(F$3:F$14,Puntentelling!$C$4:$C$32,Puntentelling!$F$4:$F$32,0,0,1))} -> 83 | G27: {=SUM(_xlfn.XLOOKUP(G$3:G$14,Puntentelling!$C$4:$C$32,Puntentelling!$F$4:$F$32,0,0,1))} -> 199
C28: Rit 2 | D28: {=SUM(_xlfn.XLOOKUP(D$3:D$14,Puntentelling!$I$4:$I$32,Puntentelling!$L$4:$L$32,0,0,1))} -> 34 | E28: {=SUM(_xlfn.XLOOKUP(E$3:E$14,Puntentelling!$I$4:$I$32,Puntentelling!$L$4:$L$32,0,0,1))} -> 32 | F28: {=SUM(_xlfn.XLOOKUP(F$3:F$14,Puntentelling!$I$4:$I$32,Puntentelling!$L$4:$L$32,0,0,1))} -> 13 | G28: {=SUM(_xlfn.XLOOKUP(G$3:G$14,Puntentelling!$I$4:$I$32,Puntentelling!$L$4:$L$32,0,0,1))} -> 36
C29: Rit 3 | D29: {=SUM(_xlfn.XLOOKUP(D$3:D$14,Puntentelling!$O$4:$O$32,Puntentelling!$R$4:$R$32,0,0,1))} -> 15 | E29: {=SUM(_xlfn.XLOOKUP(E$3:E$14,Puntentelling!$O$4:$O$32,Puntentelling!$R$4:$R$32,0,0,1))} -> 145 | F29: {=SUM(_xlfn.XLOOKUP(F$3:F$14,Puntentelling!$O$4:$O$32,Puntentelling!$R$4:$R$32,0,0,1))} -> 197 | G29: {=SUM(_xlfn.XLOOKUP(G$3:G$14,Puntentelling!$O$4:$O$32,Puntentelling!$R$4:$R$32,0,0,1))} -> 105
C30: Rit 4 | D30: {=SUM(_xlfn.XLOOKUP(D$3:D$14,Puntentelling!$U$4:$U$32,Puntentelling!$X$4:$X$32,0,0,1))} -> 162 | E30: {=SUM(_xlfn.XLOOKUP(E$3:E$14,Puntentelling!$U$4:$U$32,Puntentelling!$X$4:$X$32,0,0,1))} -> 161 | F30: {=SUM(_xlfn.XLOOKUP(F$3:F$14,Puntentelling!$U$4:$U$32,Puntentelling!$X$4:$X$32,0,0,1))} -> 70 | G30: {=SUM(_xlfn.XLOOKUP(G$3:G$14,Puntentelling!$U$4:$U$32,Puntentelling!$X$4:$X$32,0,0,1))} -> 145
C31: Rit 5 | D31: {=SUM(_xlfn.XLOOKUP(D$3:D$14,Puntentelling!$AA$4:$AA$32,Puntentelling!$AD$4:$AD$32,0,0,1))} -> 45 | E31: {=SUM(_xlfn.XLOOKUP(E$3:E$14,Puntentelling!$AA$4:$AA$32,Puntentelling!$AD$4:$AD$32,0,0,1))} -> 222 | F31: {=SUM(_xlfn.XLOOKUP(F$3:F$14,Puntentelling!$AA$4:$AA$32,Puntentelling!$AD$4:$AD$32,0,0,1))} -> 95 | G31: {=SUM(_xlfn.XLOOKUP(G$3:G$14,Puntentelling!$AA$4:$AA$32,Puntentelling!$AD$4:$AD$32,0,0,1))} -> 101
C32: Rit 6 | D32: {=SUM(_xlfn.XLOOKUP(D$3:D$14,Puntentelling!$AG$4:$AG$32,Puntentelling!$AJ$4:$AJ$32,0,0,1))} -> 75 | E32: {=SUM(_xlfn.XLOOKUP(E$3:E$14,Puntentelling!$AG$4:$AG$32,Puntentelling!$AJ$4:$AJ$32,0,0,1))} -> 187 | F32: {=SUM(_xlfn.XLOOKUP(F$3:F$14,Puntentelling!$AG$4:$AG$32,Puntentelling!$AJ$4:$AJ$32,0,0,1))} -> 184 | G32: {=SUM(_xlfn.XLOOKUP(G$3:G$14,Puntentelling!$AG$4:$AG$32,Puntentelling!$AJ$4:$AJ$32,0,0,1))} -> 70
C33: Rit 7 | D33: {=SUM(_xlfn.XLOOKUP(D$3:D$14,Puntentelling!$AM$4:$AM$32,Puntentelling!$AP$4:$AP$32,0,0,1))} -> 158 | E33: {=SUM(_xlfn.XLOOKUP(E$3:E$14,Puntentelling!$AM$4:$AM$32,Puntentelling!$AP$4:$AP$32,0,0,1))} -> 39 | F33: {=SUM(_xlfn.XLOOKUP(F$3:F$14,Puntentelling!$AM$4:$AM$32,Puntentelling!$AP$4:$AP$32,0,0,1))} -> 111 | G33: {=SUM(_xlfn.XLOOKUP(G$3:G$14,Puntentelling!$AM$4:$AM$32,Puntentelling!$AP$4:$AP$32,0,0,1))} -> 192
C34: Rit 8 | D34: {=SUM(_xlfn.XLOOKUP(D$3:D$14,Puntentelling!$AS$4:$AS$32,Puntentelling!$AV$4:$AV$32,0,0,1))} -> 78 | E34: {=SUM(_xlfn.XLOOKUP(E$3:E$14,Puntentelling!$AS$4:$AS$32,Puntentelling!$AV$4:$AV$32,0,0,1))} -> 88 | F34: {=SUM(_xlfn.XLOOKUP(F$3:F$15,Puntentelling!$AS$4:$AS$32,Puntentelling!$AV$4:$AV$32,0,0,1))} -> 171 | G34: {=SUM(_xlfn.XLOOKUP(G$3:G$14,Puntentelling!$AS$4:$AS$32,Puntentelling!$AV$4:$AV$32,0,0,1))} -> 102
C35: Rit 9 | D35: {=SUM(_xlfn.XLOOKUP(D$3:D$14,Puntentelling!$AY$4:$AY$32,Puntentelling!$BB$4:$BB$32,0,0,1))} -> 35 | E35: {=SUM(_xlfn.XLOOKUP(E$3:E$14,Puntentelling!$AY$4:$AY$32,Puntentelling!$BB$4:$BB$32,0,0,1))} -> 67 | F35: {=SUM(_xlfn.XLOOKUP(F$3:F$15,Puntentelling!$AY$4:$AY$32,Puntentelling!$BB$4:$BB$32,0,0,1))} -> 159 | G35: {=SUM(_xlfn.XLOOKUP(G$3:G$14,Puntentelling!$AY$4:$AY$32,Puntentelling!$BB$4:$BB$32,0,0,1))} -> 27
C36: Rit 10 | D36: {=SUM(_xlfn.XLOOKUP(D$3:D$14,Puntentelling!$BE$4:$BE$32,Puntentelling!$BH$4:$BH$32,0,0,1))} -> 141 | E36: {=SUM(_xlfn.XLOOKUP(E$3:E$14,Puntentelling!$BE$4:$BE$32,Puntentelling!$BH$4:$BH$32,0,0,1))} -> 186 | F36: {=SUM(_xlfn.XLOOKUP(F$3:F$16,Puntentelling!$BE$4:$BE$32,Puntentelling!$BH$4:$BH$32,0,0,1))} -> 140 | G36: {=SUM(_xlfn.XLOOKUP(G$3:G$14,Puntentelling!$BE$4:$BE$32,Puntentelling!$BH$4:$BH$32,0,0,1))} -> 54
C37: Rit 11 | D37: {=SUM(_xlfn.XLOOKUP(D$3:D$14,Puntentelling!$BK$4:$BK$32,Puntentelling!$BN$4:$BN$32,0,0,1))} -> 146 | E37: {=SUM(_xlfn.XLOOKUP(E$3:E$14,Puntentelling!$BK$4:$BK$32,Puntentelling!$BN$4:$BN$32,0,0,1))} -> 135 | F37: {=SUM(_xlfn.XLOOKUP(F$3:F$16,Puntentelling!$BK$4:$BK$32,Puntentelling!$BN$4:$BN$32,0,0,1))} -> 157 | G37: {=SUM(_xlfn.XLOOKUP(G$3:G$14,Puntentelling!$BK$4:$BK$32,Puntentelling!$BN$4:$BN$32,0,0,1))} -> 130
C38: Rit 12 | D38: {=SUM(_xlfn.XLOOKUP(D$3:D$14,Puntentelling!$BQ$4:$BQ$32,Puntentelling!$BT$4:$BT$32,0,0,1))} -> 174 | E38: {=SUM(_xlfn.XLOOKUP(E$3:E$14,Puntentelling!$BQ$4:$BQ$32,Puntentelling!$BT$4:$BT$32,0,0,1))} -> 114 | F38: {=SUM(_xlfn.XLOOKUP(F$3:F$16,Puntentelling!$BQ$4:$BQ$32,Puntentelling!$BT$4:$BT$32,0,0,1))} -> 190 | G38: {=SUM(_xlfn.XLOOKUP(G$3:G$14,Puntentelling!$BQ$4:$BQ$32,Puntentelling!$BT$4:$BT$32,0,0,1))} -> 69
C39: Rit 13 | D39: {=SUM(_xlfn.XLOOKUP(D$3:D$14,Puntentelling!$BW$4:$BW$32,Puntentelling!$BZ$4:$BZ$32,0,0,1))} -> 185 | E39: {=SUM(_xlfn.XLOOKUP(E$3:E$14,Puntentelling!$BW$4:$BW$32,Puntentelling!$BZ$4:$BZ$32,0,0,1))} -> 128 | F39: {=SUM(_xlfn.XLOOKUP(F$3:F$18,Puntentelling!$BW$4:$BW$32,Puntentelling!$BZ$4:$BZ$32,0,0,1))} -> 82 | G39: {=SUM(_xlfn.XLOOKUP(G$3:G$15,Puntentelling!$BW$4:$BW$32,Puntentelling!$BZ$4:$BZ$32,0,0,1))} -> 24
C40: Rit 14 | D40: {=SUM(_xlfn.XLOOKUP(D$3:D$14,Puntentelling!$CC$4:$CC$32,Puntentelling!$CF$4:$CF$32,0,0,1))} -> 154 | E40: {=SUM(_xlfn.XLOOKUP(E$3:E$15,Puntentelling!$CC$4:$CC$32,Puntentelling!$CF$4:$CF$32,0,0,1))} -> 190 | F40: {=SUM(_xlfn.XLOOKUP(F$3:F$19,Puntentelling!$CC$4:$CC$32,Puntentelling!$CF$4:$CF$32,0,0,1))} -> 148 | G40: {=SUM(_xlfn.XLOOKUP(G$3:G$15,Puntentelling!$CC$4:$CC$32,Puntentelling!$CF$4:$CF$32,0,0,1))} -> 93
C41: Rit 15 | D41: {=SUM(_xlfn.XLOOKUP(D$3:D$14,Puntentelling!$CI$4:$CI$32,Puntentelling!$CL$4:$CL$32,0,0,1))} -> 184 | E41: {=SUM(_xlfn.XLOOKUP(E$3:E$15,Puntentelling!$CI$4:$CI$32,Puntentelling!$CL$4:$CL$32,0,0,1))} -> 107 | F41: {=SUM(_xlfn.XLOOKUP(F$3:F$19,Puntentelling!$CI$4:$CI$32,Puntentelling!$CL$4:$CL$32,0,0,1))} -> 133 | G41: {=SUM(_xlfn.XLOOKUP(G$3:G$16,Puntentelling!$CI$4:$CI$32,Puntentelling!$CL$4:$CL$32,0,0,1))} -> 165
C42: Rit 16 | D42: {=SUM(_xlfn.XLOOKUP(D$3:D$14,Puntentelling!$CO$4:$CO$32,Puntentelling!$CR$4:$CR$32,0,0,1))} -> 114 | E42: {=SUM(_xlfn.XLOOKUP(E$3:E$15,Puntentelling!$CO$4:$CO$32,Puntentelling!$CR$4:$CR$32,0,0,1))} -> 158 | F42: {=SUM(_xlfn.XLOOKUP(F$3:F$19,Puntentelling!$CO$4:$CO$32,Puntentelling!$CR$4:$CR$32,0,0,1))} -> 180 | G42: {=SUM(_xlfn.XLOOKUP(G$3:G$18,Puntentelling!$CO$4:$CO$32,Puntentelling!$CR$4:$CR$32,0,0,1))} -> 65
C43: Rit 17 | D43: {=SUM(_xlfn.XLOOKUP(D$3:D$14,Puntentelling!$CU$4:$CU$32,Puntentelling!$CX$4:$CX$32,0,0,1))} -> 21 | E43: {=SUM(_xlfn.XLOOKUP(E$3:E$15,Puntentelling!$CU$4:$CU$32,Puntentelling!$CX$4:$CX$32,0,0,1))} -> 80 | F43: {=SUM(_xlfn.XLOOKUP(F$3:F$20,Puntentelling!$CU$4:$CU$32,Puntentelling!$CX$4:$CX$32,0,0,1))} -> 23 | G43: {=SUM(_xlfn.XLOOKUP(G$3:G$18,Puntentelling!$CU$4:$CU$32,Puntentelling!$CX$4:$CX$32,0,0,1))} -> 140
C44: Rit 18 | D44: {=SUM(_xlfn.XLOOKUP(D$3:D$14,Puntentelling!$DA$4:$DA$32,Puntentelling!$DD$4:$DD$32,0,0,1))} -> 110 | E44: {=SUM(_xlfn.XLOOKUP(E$3:E$16,Puntentelling!$DA$4:$DA$32,Puntentelling!$DD$4:$DD$32,0,0,1))} -> 0 | F44: {=SUM(_xlfn.XLOOKUP(F$3:F$20,Puntentelling!$DA$4:$DA$32,Puntentelling!$DD$4:$DD$32,0,0,1))} -> 77 | G44: {=SUM(_xlfn.XLOOKUP(G$3:G$20,Puntentelling!$DA$4:$DA$32,Puntentelling!$DD$4:$DD$32,0,0,1))} -> 35
A45: Transfers | C45: Rit 19 | D45: {=SUM(_xlfn.XLOOKUP(D$3:D$14,Puntentelling!$DG$4:$DG$32,Puntentelling!$DJ$4:$DJ$32,0,0,1))} -> 231 | E45: {=SUM(_xlfn.XLOOKUP(E$3:E$16,Puntentelling!$DG$4:$DG$32,Puntentelling!$DJ$4:$DJ32,0,0,1))} -> 120 | F45: {=SUM(_xlfn.XLOOKUP(F$3:F$20,Puntentelling!$DG$4:$DG$32,Puntentelling!$DJ$4:$DJ$32,0,0,1))} -> 85 | G45: {=SUM(_xlfn.XLOOKUP(G$3:G$20,Puntentelling!$DG$4:$DG$32,Puntentelling!$DJ$4:$DJ$32,0,0,1))} -> 151
A46: Renners op de bank ontvangen geen punten. Transfereren kan wel: | C46: Rit 20 | D46: {=SUM(_xlfn.XLOOKUP(D$3:D$14,Puntentelling!$DM$4:$DM$32,Puntentelling!$DP$4:$DP$32,0,0,1))} -> 179 | E46: {=SUM(_xlfn.XLOOKUP(E$3:E$16,Puntentelling!$DM$4:$DM$32,Puntentelling!$DP$4:$DP$32,0,0,1))} -> 53 | F46: {=SUM(_xlfn.XLOOKUP(F$3:F$20,Puntentelling!$DM$4:$DM$32,Puntentelling!$DP$4:$DP$32,0,0,1))} -> 120 | G46: {=SUM(_xlfn.XLOOKUP(G$3:G$20,Puntentelling!$DM$4:$DM$32,Puntentelling!$DP$4:$DP$32,0,0,1))} -> 197
A47: Enkel en alleen als een renner niet start, om welke reden dan ook. | C47: Rit 21 | D47: {=SUM(_xlfn.XLOOKUP(D$3:D$14,Puntentelling!$DS$4:$DS$32,Puntentelling!$DV$4:$DV$32,0,0,1))} -> 221 | E47: {=SUM(_xlfn.XLOOKUP(E$3:E$16,Puntentelling!$DS$4:$DS$32,Puntentelling!$DV$4:$DV$32,0,0,1))} -> 78 | F47: {=SUM(_xlfn.XLOOKUP(F$3:F$20,Puntentelling!$DS$4:$DS$32,Puntentelling!$DV$4:$DV$32,0,0,1))} -> 107 | G47: {=SUM(_xlfn.XLOOKUP(G$3:G$20,Puntentelling!$DS$4:$DS$32,Puntentelling!$DV$4:$DV$32,0,0,1))} -> 134
A48: Transfers moeten voor het begin van de etappe gemaakt worden.
A49: Men mag kiezen over welke renner van de bank het gaat.
C50: Eindafrekening | D50: {=SUM(_xlfn.XLOOKUP(D$3:D$14,Puntentelling!$O$37:$O$61,Puntentelling!$P$37:$P$61,0,0,1))+SUM(_xlfn.XLOOKUP(D$3:D$14,Puntentelling!$O$65:$O$74,Puntentelling!$P$65:$P$74,0,0,1))+SUM(_xlfn.XLOOKUP(D$3:D$14,Puntentelling!$O$78:$O$87,Puntentelling!$P$78:$P$87,0,0,1))+SUM(_xlfn.XLOOKUP(D3:$D$14,Puntentelling!$O$91:$O$100,Puntentelling!$P$91:$P$100,0,0,1))} -> 839 | E50: {=SUM(_xlfn.XLOOKUP(E$3:E$16,Puntentelling!$O$37:$O$61,Puntentelling!$P$37:$P$61,0,0,1))+SUM(_xlfn.XLOOKUP(E$3:E$16,Puntentelling!$O$65:$O$74,Puntentelling!$P$65:$P$74,0,0,1))+SUM(_xlfn.XLOOKUP(E$3:E$16,Puntentelling!$O$78:$O$87,Puntentelling!$P$78:$P$87,0,0,1))+SUM(_xlfn.XLOOKUP($E3:E$16,Puntentelling!$O$91:$O$100,Puntentelling!$P$91:$P$100,0,0,1))} -> 641 | F50: {=SUM(_xlfn.XLOOKUP(F$3:F$20,Puntentelling!$O$37:$O$61,Puntentelling!$P$37:$P$61,0,0,1))+SUM(_xlfn.XLOOKUP(F$3:F$20,Puntentelling!$O$65:$O$74,Puntentelling!$P$65:$P$74,0,0,1))+SUM(_xlfn.XLOOKUP(F$3:F$20,Puntentelling!$O$78:$O$87,Puntentelling!$P$78:$P$87,0,0,1))+SUM(_xlfn.XLOOKUP($F3:F$20,Puntentelling!$O$91:$O$100,Puntentelling!$P$91:$P$100,0,0,1))} -> 623 | G50: {=SUM(_xlfn.XLOOKUP(G$3:G$20,Puntentelling!$O$37:$O$61,Puntentelling!$P$37:$P$61,0,0,1))+SUM(_xlfn.XLOOKUP(G$3:G$20,Puntentelling!$O$65:$O$74,Puntentelling!$P$65:$P$74,0,0,1))+SUM(_xlfn.XLOOKUP(G$3:G$20,Puntentelling!$O$78:$O$87,Puntentelling!$P$78:$P$87,0,0,1))+SUM(_xlfn.XLOOKUP($G3:G$20,Puntentelling!$O$91:$O$100,Puntentelling!$P$91:$P$100,0,0,1))} -> 642
A51: Truidragers | C51: TOTAAL | D51: =SUM(D27:D50) -> 3441 | E51: =SUM(E27:E50) -> 2940 | F51: =SUM(F27:F50) -> 3148 | G51: =SUM(G27:G50) -> 2876 | H51: =SUM(H27:H50) -> 0
A52: Extra punten voor de renner die in de verschillende klassementen leidt
A54: Algemeen klassement (de rode trui), krijgt 20 punten extra.
A56: Puntenklassement (de groene trui), krijgt 10 punten extra.
A58: Bergklassement (de blauwe trui), krijgt 10 punten extra.
A60: Jongerenklassement (de witte trui), krijgt 5 punten extra.
A63: Eindklassement
A64: Ook aan het einde van de ronde worden renners in het klassement beloond.
A92: Winnaar
A93: De winnaar wordt door de rest getrakteerd op een bak speciaal bier.

Sheet Puntentelling
B1: Rit 1 | H1: Rit 2 | N1: Rit 3 | T1: Rit 4 | Z1: Rit 5 | AF1: Rit 6 | AL1: Rit 7 | AR1: Rit 8 | AX1: Rit 9 | BD1: Rit 10 | BJ1: Rit 11 | BP1: Rit 12 | BV1: Rit 13 | CB1: Rit 14 | CH1: Rit 15 | CN1: Rit 16 | CT1: Rit 17 | CZ1: Rit 18 | DF1: Rit 19 | DL1: Rit 20 | DR1: Rit 21
B3: Positie | C3: Naam | D3: Punten | E3: Truien | F3: Totaal | H3: Positie | I3: Naam | J3: Punten | K3: Truien | L3: Totaal | N3: Positie | O3: Naam | P3: Punten | Q3: Truien | R3: Totaal | T3: Positie | U3: Naam | V3: Punten | W3: Truien | X3: Totaal | Z3: Positie | AA3: Naam | AB3: Punten | AC3: Truien | AD3: Totaal | AF3: Positie | AG3: Naam | AH3: Punten | AI3: Truien | AJ3: Totaal | AL3: Positie | AM3: Naam | AN3: Punten | AO3: Truien | AP3: Totaal | AR3: Positie | AS3: Naam | AT3: Punten | AU3: Truien | AV3: Totaal | AX3: Positie | AY3: Naam | AZ3: Punten | BA3: Truien | BB3: Totaal | BD3: Positie | BE3: Naam | BF3: Punten | BG3: Truien | BH3: Totaal | BJ3: Positie | BK3: Naam | BL3: Punten | BM3: Truien | BN3: Totaal | BP3: Positie | BQ3: Naam | BR3: Punten | BS3: Truien | BT3: Totaal | BV3: Positie | BW3: Naam | BX3: Punten | BY3: Truien | BZ3: Totaal | CB3: Positie | CC3: Naam | CD3: Punten | CE3: Truien | CF3: Totaal | CH3: Positie | CI3: Naam | CJ3: Punten | CK3: Truien | CL3: Totaal | CN3: Positie | CO3: Naam | CP3: Punten | CQ3: Truien | CR3: Totaal | CT3: Positie | CU3: Naam | CV3: Punten | CW3: Truien | CX3: Totaal | CZ3: Positie | DA3: Naam | DB3: Punten | DC3: Truien | DD3: Totaal | DF3: Positie | DG3: Naam | DH3: Punten | DI3: Truien | DJ3: Totaal | DL3: Positie | DM3: Naam | DN3: Punten | DO3: Truien | DP3: Totaal | DR3: Positie | DS3: Naam | DT3: Punten | DU3: Truien | DV3: Totaal
B4: 1 | C4: Romain Bardet | D4: 100 | E4: 10 | F4: =SUM(D4:E4) -> 110 | H4: 1 | I4: Kevin Vauquelin | J4: 100 | K4: 0 | L4: =SUM(J4:K4) -> 100 | N4: 1 | O4: Biniam Girmay | P4: 100 | Q4: 0 | R4: =SUM(P4:Q4) -> 100 | T4: 1 | U4: Tadej Pogacar | V4: 100 | W4: 10 | X4: =SUM(V4:W4) -> 110 | Z4: 1 | AA4: Mark Cavendish | AB4: 100 | AC4: 0 | AD4: =SUM(AB4:AC4) -> 100 | AF4: 1 | AG4: Dylan Groenewegen | AH4: 100 | AI4: 0 | AJ4: =SUM(AH4:AI4) -> 100 | AL4: 1 | AM4: Remco Evenepoel | AN4: 100 | AO4: 10 | AP4: =SUM(AN4:AO4) -> 110 | AR4: 1 | AS4: Biniam Girmay | AT4: 100 | AU4: 10 | AV4: =SUM(AT4:AU4) -> 110 | AX4: 1 | AY4: Anthony Turgis | AZ4: 100 | BA4: 0 | BB4: =SUM(AZ4:BA4) -> 100 | BD4: 1 | BE4: Jasper Philipsen | BF4: 100 | BG4: 0 | BH4: =SUM(BF4:BG4) -> 100 | BJ4: 1 | BK4: Jonas Vingegaard | BL4: 100 | BM4: 0 | BN4: =SUM(BL4:BM4) -> 100 | BP4: 1 | BQ4: Biniam Girmay | BR4: 100 | BS4: 10 | BT4: =SUM(BR4:BS4) -> 110 | BV4: 1 | BW4: Jasper Philipsen | BX4: 100 | BY4: 0 | BZ4: =SUM(BX4:BY4) -> 100 | CB4: 1 | CC4: Tadej Pogacar | CD4: 100 | CE4: 20 | CF4: =SUM(CD4:CE4) -> 120 | CH4: 1 | CI4: Tadej Pogacar | CJ4: 100 | CK4: 20 | CL4: =SUM(CJ4:CK4) -> 120 | CN4: 1 | CO4: Jasper Philipsen | CP4: 100 | CQ4: 0 | CR4: =SUM(CP4:CQ4) -> 100 | CT4: 1 | CU4: Richard Carapaz | CV4: 100 | CW4: 0 | CX4: =SUM(CV4:CW4) -> 100 | CZ4: 1 | DA4: Victor Campenaerts | DB4: 100 | DC4: 0 | DD4: =SUM(DB4:DC4) -> 100 | DF4: 1 | DG4: Tadej Pogacar | DH4: 100 | DI4: 10 | DJ4: =SUM(DH4:DI4) -> 110 | DL4: 1 | DM4: Tadej Pogacar | DN4: 100 | DO4: 10 | DP4: =SUM(DN4:DO4) -> 110 | DR4: 1 | DS4: Tadej Pogacar | DT4: 100 | DU4: 10 | DV4: =SUM(DT4:DU4) -> 110
B5: 2 | C5: Frank Van Den Broek | D5: 80 | E5: 20 | F5: =SUM(D5:E5) -> 100 | H5: 2 | I5: Jonas Abrahamsen | J5: 80 | K5: 20 | L5: =SUM(J5:K5) -> 100 | N5: 2 | O5: Fernando Gaviria | P5: 80 | Q5: 0 | R5: =SUM(P5:Q5) -> 80 | T5: 2 | U5: Remco Evenepoel | V5: 80 | W5: 10 | X5: =SUM(V5:W5) -> 90 | Z5: 2 | AA5: Jasper Philipsen | AB5: 80 | AC5: 0 | AD5: =SUM(AB5:AC5) -> 80 | AF5: 2 | AG5: Biniam Girmay | AH5: 80 | AI5: 10 | AJ5: =SUM(AH5:AI5) -> 90 | AL5: 2 | AM5: Tadej Pogacar | AN5: 80 | AO5: 10 | AP5: =SUM(AN5:AO5) -> 90 | AR5: 2 | AS5: Jasper Philipsen | AT5: 80 | AU5: 0 | AV5: =SUM(AT5:AU5) -> 80 | AX5: 2 | AY5: Tom Pidcock | AZ5: 80 | BA5: 0 | BB5: =SUM(AZ5:BA5) -> 80 | BD5: 2 | BE5: Biniam Girmay | BF5: 80 | BG5: 10 | BH5: =SUM(BF5:BG5) -> 90 | BJ5: 2 | BK5: Tadej Pogacar | BL5: 80 | BM5: 20 | BN5: =SUM(BL5:BM5) -> 100 | BP5: 2 | BQ5: Wout Van Aert | BR5: 80 | BS5: 0 | BT5: =SUM(BR5:BS5) -> 80 | BV5: 2 | BW5: Wout Van Aert | BX5: 80 | BY5: 0 | BZ5: =SUM(BX5:BY5) -> 80 | CB5: 2 | CC5: Jonas Vingegaard | CD5: 80 | CE5: 0 | CF5: =SUM(CD5:CE5) -> 80 | CH5: 2 | CI5: Jonas Vingegaard | CJ5: 80 | CK5: 0 | CL5: =SUM(CJ5:CK5) -> 80 | CN5: 2 | CO5: Phil Bauhaus | CP5: 80 | CQ5: 0 | CR5: =SUM(CP5:CQ5) -> 80 | CT5: 2 | CU5: Simon Yates | CV5: 80 | CW5: 0 | CX5: =SUM(CV5:CW5) -> 80 | CZ5: 2 | DA5: Matteo Vercher | DB5: 80 | DC5: 0 | DD5: =SUM(DB5:DC5) -> 80 | DF5: 2 | DG5: Matteo Jorgenson | DH5: 80 | DI5: 0 | DJ5: =SUM(DH5:DI5) -> 80 | DL5: 2 | DM5: Jonas Vingegaard | DN5: 80 | DO5: 0 | DP5: =SUM(DN5:DO5) -> 80 | DR5: 2 | DS5: Jonas Vingegaard | DT5: 80 | DU5: 0 | DV5: =SUM(DT5:DU5) -> 80
B6: 3 | C6: Wout Van Aert | D6: 65 | E6: 0 | F6: =SUM(D6:E6) -> 65 | H6: 3 | I6: Quentin Pacher | J6: 65 | K6: 0 | L6: =SUM(J6:K6) -> 65 | N6: 3 | O6: Arnaud De Lie | P6: 65 | Q6: 0 | R6: =SUM(P6:Q6) -> 65 | T6: 3 | U6: Juan Ayuso | V6: 65 | W6: 0 | X6: =SUM(V6:W6) -> 65 | Z6: 3 | AA6: Alexander Kristoff | AB6: 65 | AC6: 0 | AD6: =SUM(AB6:AC6) -> 65 | AF6: 3 | AG6: Fernando Gaviria | AH6: 65 | AI6: 0 | AJ6: =SUM(AH6:AI6) -> 65 | AL6: 3 | AM6: Primoz Roglic | AN6: 65 | AO6: 0 | AP6: =SUM(AN6:AO6) -> 65 | AR6: 3 | AS6: Arnaud De Lie | AT6: 65 | AU6: 0 | AV6: =SUM(AT6:AU6) -> 65 | AX6: 3 | AY6: Derek Gee | AZ6: 65 | BA6: 0 | BB6: =SUM(AZ6:BA6) -> 65 | BD6: 3 | BE6: Pascal Ackermann | BF6: 65 | BG6: 0 | BH6: =SUM(BF6:BG6) -> 65 | BJ6: 3 | BK6: Remco Evenepoel | BL6: 65 | BM6: 10 | BN6: =SUM(BL6:BM6) -> 75 | BP6: 3 | BQ6: Pascal Ackermann | BR6: 65 | BS6: 0 | BT6: =SUM(BR6:BS6) -> 65 | BV6: 3 | BW6: Pascal Ackermann | BX6: 65 | BY6: 0 | BZ6: =SUM(BX6:BY6) -> 65 | CB6: 3 | CC6: Remco Evenepoel | CD6: 65 | CE6: 10 | CF6: =SUM(CD6:CE6) -> 75 | CH6: 3 | CI6: Remco Evenepoel | CJ6: 65 | CK6: 10 | CL6: =SUM(CJ6:CK6) -> 75 | CN6: 3 | CO6: Alexander Kristoff | CP6: 65 | CQ6: 0 | CR6: =SUM(CP6:CQ6) -> 65 | CT6: 3 | CU6: Enric Mas | CV6: 65 | CW6: 0 | CX6: =SUM(CV6:CW6) -> 65 | CZ6: 3 | DA6: Michal Kwiatkowski | DB6: 65 | DC6: 0 | DD6: =SUM(DB6:DC6) -> 65 | DF6: 3 | DG6: Simon Yates | DH6: 65 | DI6: 0 | DJ6: =SUM(DH6:DI6) -> 65 | DL6: 3 | DM6: Richard Carapaz | DN6: 65 | DO6: 10 | DP6: =SUM(DN6:DO6) -> 75 | DR6: 3 | DS6: Remco Evenepoel | DT6: 65 | DU6: 10 | DV6: =SUM(DT6:DU6) -> 75
B7: 4 | C7: Tadej Pogacar | D7: 55 | E7: 0 | F7: =SUM(D7:E7) -> 55 | H7: 4 | I7: Cristian Rodriguez | J7: 55 | K7: 0 | L7: =SUM(J7:K7) -> 55 | N7: 4 | O7: Mads Pedersen | P7: 55 | Q7: 0 | R7: =SUM(P7:Q7) -> 55 | T7: 4 | U7: Primoz Roglic | V7: 55 | W7: 0 | X7: =SUM(V7:W7) -> 55 | Z7: 4 | AA7: Arnaud De Lie | AB7: 55 | AC7: 0 | AD7: =SUM(AB7:AC7) -> 55 | AF7: 4 | AG7: Phil Bauhaus | AH7: 55 | AI7: 0 | AJ7: =SUM(AH7:AI7) -> 55 | AL7: 4 | AM7: Jonas Vingegaard | AN7: 55 | AO7: 0 | AP7: =SUM(AN7:AO7) -> 55 | AR7: 4 | AS7: Pascal Ackermann | AT7: 55 | AU7: 0 | AV7: =SUM(AT7:AU7) -> 55 | AX7: 4 | AY7: Alex Aranburu | AZ7: 55 | BA7: 0 | BB7: =SUM(AZ7:BA7) -> 55 | BD7: 4 | BE7: Wout Van Aert | BF7: 55 | BG7: 0 | BH7: =SUM(BF7:BG7) -> 55 | BJ7: 4 | BK7: Primoz Roglic | BL7: 55 | BM7: 0 | BN7: =SUM(BL7:BM7) -> 55 | BP7: 4 | BQ7: Jasper Philipsen | BR7: 55 | BS7: 0 | BT7: =SUM(BR7:BS7) -> 55 | BV7: 4 | BW7: Biniam Girmay | BX7: 55 | BY7: 10 | BZ7: =SUM(BX7:BY7) -> 65 | CB7: 4 | CC7: Carlos Rodriguez | CD7: 55 | CE7: 0 | CF7: =SUM(CD7:CE7) -> 55 | CH7: 4 | CI7: Mikel Landa | CJ7: 55 | CK7: 0 | CL7: =SUM(CJ7:CK7) -> 55 | CN7: 4 | CO7: Sam Bennett | CP7: 55 | CQ7: 0 | CR7: =SUM(CP7:CQ7) -> 55 | CT7: 4 | CU7: Laurens De Plus | CV7: 55 | CW7: 0 | CX7: =SUM(CV7:CW7) -> 55 | CZ7: 4 | DA7: Toms Skujins | DB7: 55 | DC7: 0 | DD7: =SUM(DB7:DC7) -> 55 | DF7: 4 | DG7: Richard Carapaz | DH7: 55 | DI7: 10 | DJ7: =SUM(DH7:DI7) -> 65 | DL7: 4 | DM7: Remco Evenepoel | DN7: 55 | DO7: 10 | DP7: =SUM(DN7:DO7) -> 65 | DR7: 4 | DS7: Matteo Jorgenson | DT7: 55 | DU7: 0 | DV7: =SUM(DT7:DU7) -> 55
B8: 5 | C8: Maxim Van Gils | D8: 45 | E8: 0 | F8: =SUM(D8:E8) -> 45 | H8: 5 | I8: Harold Tejada | J8: 45 | K8: 0 | L8: =SUM(J8:K8) -> 45 | N8: 5 | O8: Dylan Groenewegen | P8: 45 | Q8: 0 | R8: =SUM(P8:Q8) -> 45 | T8: 5 | U8: Jonas Vingegaard | V8: 45 | W8: 0 | X8: =SUM(V8:W8) -> 45 | Z8: 5 | AA8: Fabio Jakobsen | AB8: 45 | AC8: 0 | AD8: =SUM(AB8:AC8) -> 45 | AF8: 5 | AG8: Arnaud De Lie | AH8: 45 | AI8: 0 | AJ8: =SUM(AH8:AI8) -> 45 | AL8: 5 | AM8: Victor Campenaerts | AN8: 45 | AO8: 0 | AP8: =SUM(AN8:AO8) -> 45 | AR8: 5 | AS8: Marijn Van Den Berg | AT8: 45 | AU8: 0 | AV8: =SUM(AT8:AU8) -> 45 | AX8: 5 | AY8: Ben Healy | AZ8: 45 | BA8: 0 | BB8: =SUM(AZ8:BA8) -> 45 | BD8: 5 | BE8: Fernando Gaviria | BF8: 45 | BG8: 0 | BH8: =SUM(BF8:BG8) -> 45 | BJ8: 5 | BK8: Giulio Ciccone | BL8: 45 | BM8: 0 | BN8: =SUM(BL8:BM8) -> 45 | BP8: 5 | BQ8: Arnaud De Lie | BR8: 45 | BS8: 0 | BT8: =SUM(BR8:BS8) -> 45 | BV8: 5 | BW8: Nikias Arndt | BX8: 45 | BY8: 0 | BZ8: =SUM(BX8:BY8) -> 45 | CB8: 5 | CC8: Giulio Ciccone | CD8: 45 | CE8: 0 | CF8: =SUM(CD8:CE8) -> 45 | CH8: 5 | CI8: Joao Almeida | CJ8: 45 | CK8: 0 | CL8: =SUM(CJ8:CK8) -> 45 | CN8: 5 | CO8: Wout Van Aert | CP8: 45 | CQ8: 0 | CR8: =SUM(CP8:CQ8) -> 45 | CT8: 5 | CU8: Oscar Onley | CV8: 45 | CW8: 0 | CX8: =SUM(CV8:CW8) -> 45 | CZ8: 5 | DA8: Oier Lazkano | DB8: 45 | DC8: 0 | DD8: =SUM(DB8:DC8) -> 45 | DF8: 5 | DG8: Remco Evenepoel | DH8: 45 | DI8: 10 | DJ8: =SUM(DH8:DI8) -> 55 | DL8: 5 | DM8: Enric Mas | DN8: 45 | DO8: 0 | DP8: =SUM(DN8:DO8) -> 45 | DR8: 5 | DS8: Joao Almeida | DT8: 45 | DU8: 0 | DV8: =SUM(DT8:DU8) -> 45
B9: 6 | C9: Alex Aranburu | D9: 35 | E9: 0 | F9: =SUM(D9:E9) -> 35 | H9: 6 | I9: Nelson Oliveira | J9: 35 | K9: 0 | L9: =SUM(J9:K9) -> 35 | N9: 6 | O9: Phil Bauhaus | P9: 35 | Q9: 0 | R9: =SUM(P9:Q9) -> 35 | T9: 6 | U9: Carlos Rodriguez | V9: 35 | W9: 0 | X9: =SUM(V9:W9) -> 35 | Z9: 6 | AA9: Pascal Ackermann | AB9: 35 | AC9: 0 | AD9: =SUM(AB9:AC9) -> 35 | AF9: 6 | AG9: Wout Van Aert | AH9: 35 | AI9: 0 | AJ9: =SUM(AH9:AI9) -> 35 | AL9: 6 | AM9: Kevin Vauquelin | AN9: 35 | AO9: 0 | AP9: =SUM(AN9:AO9) -> 35 | AR9: 6 | AS9: Ryan Gibbons | AT9: 35 | AU9: 0 | AV9: =SUM(AT9:AU9) -> 35 | AX9: 6 | AY9: Alexey Lutsenko | AZ9: 35 | BA9: 0 | BB9: =SUM(AZ9:BA9) -> 35 | BD9: 6 | BE9: Sam Bennett | BF9: 35 | BG9: 0 | BH9: =SUM(BF9:BG9) -> 35 | BJ9: 6 | BK9: Joao Almeida | BL9: 35 | BM9: 0 | BN9: =SUM(BL9:BM9) -> 35 | BP9: 6 | BQ9: Alexander Kristoff | BR9: 35 | BS9: 0 | BT9: =SUM(BR9:BS9) -> 35 | BV9: 6 | BW9: Jasper Stuyven | BX9: 35 | BY9: 0 | BZ9: =SUM(BX9:BY9) -> 35 | CB9: 6 | CC9: Santiago Buitrago | CD9: 35 | CE9: 0 | CF9: =SUM(CD9:CE9) -> 35 | CH9: 6 | CI9: Adam Yates | CJ9: 35 | CK9: 0 | CL9: =SUM(CJ9:CK9) -> 35 | CN9: 6 | CO9: Pascal Ackermann | CP9: 35 | CQ9: 0 | CR9: =SUM(CP9:CQ9) -> 35 | CT9: 6 | CU9: Guillaume Martin | CV9: 35 | CW9: 0 | CX9: =SUM(CV9:CW9) -> 35 | CZ9: 6 | DA9: Bart Lemmen | DB9: 35 | DC9: 0 | DD9: =SUM(DB9:DC9) -> 35 | DF9: 6 | DG9: Jonas Vingegaard | DH9: 35 | DI9: 0 | DJ9: =SUM(DH9:DI9) -> 35 | DL9: 6 | DM9: Joao Almeida | DN9: 35 | DO9: 0 | DP9: =SUM(DN9:DO9) -> 35 | DR9: 6 | DS9: Derek Gee | DT9: 35 | DU9: 0 | DV9: =SUM(DT9:DU9) -> 35
B10: 7 | C10: Mads Pedersen | D10: 30 | E10: 0 | F10: =SUM(D10:E10) -> 30 | H10: 7 | I10: Axel Laurance | J10: 30 | K10: 5 | L10: =SUM(J10:K10) -> 35 | N10: 7 | O10: Fabio Jakobsen | P10: 30 | Q10: 0 | R10: =SUM(P10:Q10) -> 30 | T10: 7 | U10: Mikel Landa | V10: 30 | W10: 0 | X10: =SUM(V10:W10) -> 30 | Z10: 7 | AA10: Arnaud Demare | AB10: 30 | AC10: 0 | AD10: =SUM(AB10:AC10) -> 30 | AF10: 7 | AG10: Arnaud Demare | AH10: 30 | AI10: 0 | AJ10: =SUM(AH10:AI10) -> 30 | AL10: 7 | AM10: Matteo Jorgenson | AN10: 30 | AO10: 0 | AP10: =SUM(AN10:AO10) -> 30 | AR10: 7 | AS10: Anthony Turgis | AT10: 30 | AU10: 0 | AV10: =SUM(AT10:AU10) -> 30 | AX10: 7 | AY10: Javier Romo | AZ10: 30 | BA10: 0 | BB10: =SUM(AZ10:BA10) -> 30 | BD10: 7 | BE10: John Degenkolb | BF10: 30 | BG10: 0 | BH10: =SUM(BF10:BG10) -> 30 | BJ10: 7 | BK10: Adam Yates | BL10: 30 | BM10: 0 | BN10: =SUM(BL10:BM10) -> 30 | BP10: 7 | BQ10: Phil Bauhaus | BR10: 30 | BS10: 0 | BT10: =SUM(BR10:BS10) -> 30 | BV10: 7 | BW10: Clement Russo | BX10: 30 | BY10: 0 | BZ10: =SUM(BX10:BY10) -> 30 | CB10: 7 | CC10: Adam Yates | CD10: 30 | CE10: 0 | CF10: =SUM(CD10:CE10) -> 30 | CH10: 7 | CI10: Santiago Buitrago | CJ10: 30 | CK10: 0 | CL10: =SUM(CJ10:CK10) -> 30 | CN10: 7 | CO10: Bryan Coquard | CP10: 30 | CQ10: 0 | CR10: =SUM(CP10:CQ10) -> 30 | CT10: 7 | CU10: Magnus Cort | CV10: 30 | CW10: 0 | CX10: =SUM(CV10:CW10) -> 30 | CZ10: 7 | DA10: Krists Neilands | DB10: 30 | DC10: 0 | DD10: =SUM(DB10:DC10) -> 30 | DF10: 7 | DG10: Joao Almeida | DH10: 30 | DI10: 0 | DJ10: =SUM(DH10:DI10) -> 30 | DL10: 7 | DM10: Matteo Jorgenson | DN10: 30 | DO10: 0 | DP10: =SUM(DN10:DO10) -> 30 | DR10: 7 | DS10: Mikel Landa | DT10: 30 | DU10: 0 | DV10: =SUM(DT10:DU10) -> 30
B11: 8 | C11: Remco Evenepoel | D11: 25 | E11: 0 | F11: =SUM(D11:E11) -> 25 | H11: 8 | I11: Mike Teunissen | J11: 25 | K11: 0 | L11: =SUM(J11:K11) -> 25 | N11: 8 | O11: Davide Ballerini | P11: 25 | Q11: 0 | R11: =SUM(P11:Q11) -> 25 | T11: 8 | U11: Joao Almeida | V11: 25 | W11: 0 | X11: =SUM(V11:W11) -> 25 | Z11: 8 | AA11: Gerben Thijssen | AB11: 25 | AC11: 0 | AD11: =SUM(AB11:AC11) -> 25 | AF11: 8 | AG11: Alexander Kristoff | AH11: 25 | AI11: 0 | AJ11: =SUM(AH11:AI11) -> 25 | AL11: 8 | AM11: Joao Almeida | AN11: 25 | AO11: 0 | AP11: =SUM(AN11:AO11) -> 25 | AR11: 8 | AS11: Alfred Wright | AT11: 25 | AU11: 0 | AV11: =SUM(AT11:AU11) -> 25 | AX11: 8 | AY11: Jasper Stuyven | AZ11: 25 | BA11: 0 | BB11: =SUM(AZ11:BA11) -> 25 | BD11: 8 | BE11: Phil Bauhaus | BF11: 25 | BG11: 0 | BH11: =SUM(BF11:BG11) -> 25 | BJ11: 8 | BK11: Mikel Landa | BL11: 25 | BM11: 0 | BN11: =SUM(BL11:BM11) -> 25 | BP11: 8 | BQ11: Bryan Coquard | BR11: 25 | BS11: 0 | BT11: =SUM(BR11:BS11) -> 25 | BV11: 8 | BW11: Bryan Coquard | BX11: 25 | BY11: 0 | BZ11: =SUM(BX11:BY11) -> 25 | CB11: 8 | CC11: Felix Gall | CD11: 25 | CE11: 0 | CF11: =SUM(CD11:CE11) -> 25 | CH11: 8 | CI11: Carlos Rodriguez | CJ11: 25 | CK11: 0 | CL11: =SUM(CJ11:CK11) -> 25 | CN11: 8 | CO11: Soren Waerenskjold | CP11: 25 | CQ11: 0 | CR11: =SUM(CP11:CQ11) -> 25 | CT11: 8 | CU11: Wout Poels | CV11: 25 | CW11: 0 | CX11: =SUM(CV11:CW11) -> 25 | CZ11: 8 | DA11: Jai Hindley | DB11: 25 | DC11: 0 | DD11: =SUM(DB11:DC11) -> 25 | DF11: 8 | DG11: Mikel Landa | DH11: 25 | DI11: 0 | DJ11: =SUM(DH11:DI11) -> 25 | DL11: 8 | DM11: Mikel Landa | DN11: 25 | DO11: 0 | DP11: =SUM(DN11:DO11) -> 25 | DR11: 8 | DS11: Harold Tejada | DT11: 25 | DU11: 0 | DV11: =SUM(DT11:DU11) -> 25
B12: 9 | C12: Pello Bilbao | D12: 20 | E12: 0 | F12: =SUM(D12:E12) -> 20 | H12: 9 | I12: Hugo Houle | J12: 20 | K12: 0 | L12: =SUM(J12:K12) -> 20 | N12: 9 | O12: Sam Bennett | P12: 20 | Q12: 0 | R12: =SUM(P12:Q12) -> 20 | T12: 9 | U12: Giulio Ciccone | V12: 20 | W12: 0 | X12: =SUM(V12:W12) -> 20 | Z12: 9 | AA12: Biniam Girmay | AB12: 20 | AC12: 10 | AD12: =SUM(AB12:AC12) -> 30 | AF12: 9 | AG12: Pascal Ackermann | AH12: 20 | AI12: 0 | AJ12: =SUM(AH12:AI12) -> 20 | AL12: 9 | AM12: Ben Healy | AN12: 20 | AO12: 0 | AP12: =SUM(AN12:AO12) -> 20 | AR12: 9 | AS12: Alex Aranburu | AT12: 20 | AU12: 0 | AV12: =SUM(AT12:AU12) -> 20 | AX12: 9 | AY12: Biniam Girmay | AZ12: 20 | BA12: 10 | BB12: =SUM(AZ12:BA12) -> 30 | BD12: 9 | BE12: Dylan Groenewegen | BF12: 20 | BG12: 0 | BH12: =SUM(BF12:BG12) -> 20 | BJ12: 9 | BK12: Carlos Rodriguez | BL12: 20 | BM12: 0 | BN12: =SUM(BL12:BM12) -> 20 | BP12: 9 | BQ12: Dylan Groenewegen | BR12: 20 | BS12: 0 | BT12: =SUM(BR12:BS12) -> 20 | BV12: 9 | BW12: Tadej Pogacar | BX12: 20 | BY12: 20 | BZ12: =SUM(BX12:BY12) -> 40 | CB12: 9 | CC12: Matteo Jorgenson | CD12: 20 | CE12: 0 | CF12: =SUM(CD12:CE12) -> 20 | CH12: 9 | CI12: Richard Carapaz | CJ12: 20 | CK12: 0 | CL12: =SUM(CJ12:CK12) -> 20 | CN12: 9 | CO12: Ryan Gibbons | CP12: 20 | CQ12: 0 | CR12: =SUM(CP12:CQ12) -> 20 | CT12: 9 | CU12: Jordan Jegat | CV12: 20 | CW12: 0 | CX12: =SUM(CV12:CW12) -> 20 | CZ12: 9 | DA12: Wout Van Aert | DB12: 20 | DC12: 0 | DD12: =SUM(DB12:DC12) -> 20 | DF12: 9 | DG12: Wilco Kelderman | DH12: 20 | DI12: 0 | DJ12: =SUM(DH12:DI12) -> 20 | DL12: 9 | DM12: Adam Yates | DN12: 20 | DO12: 0 | DP12: =SUM(DN12:DO12) -> 20 | DR12: 9 | DS12: Santiago Buitrago | DT12: 20 | DU12: 0 | DV12: =SUM(DT12:DU12) -> 20
B13: 10 | C13: Alberto Bettiol | D13: 17 | E13: 0 | F13: =SUM(D13:E13) -> 17 | H13: 10 | I13: Richard Carapaz | J13: 17 | K13: 0 | L13: =SUM(J13:K13) -> 17 | N13: 10 | O13: Bryan Coquard | P13: 17 | Q13: 0 | R13: =SUM(P13:Q13) -> 17 | T13: 10 | U13: Santiago Buitrago | V13: 17 | W13: 0 | X13: =SUM(V13:W13) -> 17 | Z13: 10 | AA13: Marijn Van Den Berg | AB13: 17 | AC13: 0 | AD13: =SUM(AB13:AC13) -> 17 | AF13: 10 | AG13: Piet Allegaert | AH13: 17 | AI13: 0 | AJ13: =SUM(AH13:AI13) -> 17 | AL13: 10 | AM13: Stefan Kung | AN13: 17 | AO13: 0 | AP13: =SUM(AN13:AO13) -> 17 | AR13: 10 | AS13: Remco Evenepoel | AT13: 17 | AU13: 10 | AV13: =SUM(AT13:AU13) -> 27 | AX13: 10 | AY13: Michael Matthews | AZ13: 17 | BA13: 0 | BB13: =SUM(AZ13:BA13) -> 17 | BD13: 10 | BE13: Axel Zingle | BF13: 17 | BG13: 0 | BH13: =SUM(BF13:BG13) -> 17 | BJ13: 10 | BK13: Felix Gall | BL13: 17 | BM13: 0 | BN13: =SUM(BL13:BM13) -> 17 | BP13: 10 | BQ13: Ryan Gibbons | BR13: 17 | BS13: 0 | BT13: =SUM(BR13:BS13) -> 17 | BV13: 10 | BW13: Soren Waerenskjold | BX13: 17 | BY13: 0 | BZ13: =SUM(BX13:BY13) -> 17 | CB13: 10 | CC13: Derek Gee | CD13: 17 | CE13: 0 | CF13: =SUM(CD13:CE13) -> 17 | CH13: 10 | CI13: Felix Gall | CJ13: 17 | CK13: 0 | CL13: =SUM(CJ13:CK13) -> 17 | CN13: 10 | CO13: Danny Van Poppel | CP13: 17 | CQ13: 0 | CR13: =SUM(CP13:CQ13) -> 17 | CT13: 10 | CU13: Alex Aranburu | CV13: 17 | CW13: 0 | CX13: =SUM(CV13:CW13) -> 17 | CZ13: 10 | DA13: Michael Matthews | DB13: 17 | DC13: 0 | DD13: =SUM(DB13:DC13) -> 17 | DF13: 10 | DG13: Derek Gee | DH13: 17 | DI13: 0 | DJ13: =SUM(DH13:DI13) -> 17 | DL13: 10 | DM13: Romain Bardet | DN13: 17 | DO13: 0 | DP13: =SUM(DN13:DO13) -> 17 | DR13: 10 | DS13: Adam Yates | DT13: 17 | DU13: 0 | DV13: =SUM(DT13:DU13) -> 17
B14: 11 | C14: Tom Pidcock | D14: 15 | E14: 0 | F14: =SUM(D14:E14) -> 15 | H14: 11 | I14: Jordan Jegat | J14: 15 | K14: 0 | L14: =SUM(J14:K14) -> 15 | N14: 11 | O14: Jonas Rickaert | P14: 15 | Q14: 0 | R14: =SUM(P14:Q14) -> 15 | T14: 11 | U14: Felix Gall | V14: 15 | W14: 0 | X14: =SUM(V14:W14) -> 15 | Z14: 11 | AA14: Fernando Gaviria | AB14: 15 | AC14: 0 | AD14: =SUM(AB14:AC14) -> 15 | AF14: 11 | AG14: Bryan Coquard | AH14: 15 | AI14: 0 | AJ14: =SUM(AH14:AI14) -> 15 | AL14: 11 | AM14: Aleksandr Vlasov | AN14: 15 | AO14: 0 | AP14: =SUM(AN14:AO14) -> 15 | AR14: 11 | AS14: Soren Kragh Andersen | AT14: 15 | AU14: 0 | AV14: =SUM(AT14:AU14) -> 15 | AX14: 11 | AY14: Mathieu Van Der Poel | AZ14: 15 | BA14: 0 | BB14: =SUM(AZ14:BA14) -> 15 | BD14: 11 | BE14: Marijn Van Den Berg | BF14: 15 | BG14: 0 | BH14: =SUM(BF14:BG14) -> 15 | BJ14: 11 | BK14: Santiago Buitrago | BL14: 15 | BM14: 0 | BN14: =SUM(BL14:BM14) -> 15 | BP14: 11 | BQ14: Marijn Van Den Berg | BR14: 15 | BS14: 0 | BT14: =SUM(BR14:BS14) -> 15 | BV14: 11 | BW14: Luka Mezgec | BX14: 15 | BY14: 0 | BZ14: =SUM(BX14:BY14) -> 15 | CB14: 11 | CC14: Mikel Landa | CD14: 15 | CE14: 0 | CF14: =SUM(CD14:CE14) -> 15 | CH14: 11 | CI14: Tobias Johannessen | CJ14: 15 | CK14: 0 | CL14: =SUM(CJ14:CK14) -> 15 | CN14: 11 | CO14: Stefan Bissegger | CP14: 15 | CQ14: 0 | CR14: =SUM(CP14:CQ14) -> 15 | CT14: 11 | CU14: Toms Skujins | CV14: 15 | CW14: 0 | CX14: =SUM(CV14:CW14) -> 15 | CZ14: 11 | DA14: Dorian Godon | DB14: 15 | DC14: 0 | DD14: =SUM(DB14:DC14) -> 15 | DF14: 11 | DG14: Adam Yates | DH14: 15 | DI14: 0 | DJ14: =SUM(DH14:DI14) -> 15 | DL14: 11 | DM14: Tobias Johannessen | DN14: 15 | DO14: 0 | DP14: =SUM(DN14:DO14) -> 15 | DR14: 11 | DS14: Lenny Martinez | DT14: 15 | DU14: 0 | DV14: =SUM(DT14:DU14) -> 15
B15: 12 | C15: Egan Bernal | D15: 14 | E15: 0 | F15: =SUM(D15:E15) -> 14 | H15: 12 | I15: Remco Evenepoel | J15: 14 | K15: 10 | L15: =SUM(J15:K15) -> 24 | N15: 12 | O15: Anthony Turgis | P15: 14 | Q15: 0 | R15: =SUM(P15:Q15) -> 14 | T15: 12 | U15: Matteo Jorgenson | V15: 14 | W15: 0 | X15: =SUM(V15:W15) -> 14 | Z15: 12 | AA15: Dylan Groenewegen | AB15: 14 | AC15: 0 | AD15: =SUM(AB15:AC15) -> 14 | AF15: 12 | AG15: Sandy Dujardin | AH15: 14 | AI15: 0 | AJ15: =SUM(AH15:AI15) -> 14 | AL15: 12 | AM15: Stefan Bissegger | AN15: 14 | AO15: 0 | AP15: =SUM(AN15:AO15) -> 14 | AR15: 12 | AS15: Alexander Kristoff | AT15: 14 | AU15: 0 | AV15: =SUM(AT15:AU15) -> 14 | AX15: 12 | AY15: Rasmus Tiller | AZ15: 14 | BA15: 0 | BB15: =SUM(AZ15:BA15) -> 14 | BD15: 12 | BE15: Oliver Naessen | BF15: 14 | BG15: 0 | BH15: =SUM(BF15:BG15) -> 14 | BJ15: 12 | BK15: Derek Gee | BL15: 14 | BM15: 0 | BN15: =SUM(BL15:BM15) -> 14 | BP15: 12 | BQ15: Sam Bennett | BR15: 14 | BS15: 0 | BT15: =SUM(BR15:BS15) -> 14 | BV15: 12 | BW15: Maxim Van Gils | BX15: 14 | BY15: 0 | BZ15: =SUM(BX15:BY15) -> 14 | CB15: 12 | CC15: Joao Almeida | CD15: 14 | CE15: 0 | CF15: =SUM(CD15:CE15) -> 14 | CH15: 12 | CI15: Derek Gee | CJ15: 14 | CK15: 0 | CL15: =SUM(CJ15:CK15) -> 14 | CN15: 12 | CO15: Mathieu Van Der Poel | CP15: 14 | CQ15: 0 | CR15: =SUM(CP15:CQ15) -> 14 | CT15: 12 | CU15: Stephen Williams | CV15: 14 | CW15: 0 | CX15: =SUM(CV15:CW15) -> 14 | CZ15: 12 | DA15: Quentin Pacher | DB15: 14 | DC15: 0 | DD15: =SUM(DB15:DC15) -> 14 | DF15: 12 | DG15: Enric Mas | DH15: 14 | DI15: 0 | DJ15: =SUM(DH15:DI15) -> 14 | DL15: 12 | DM15: Derek Gee | DN15: 14 | DO15: 0 | DP15: =SUM(DN15:DO15) -> 14 | DR15: 12 | DS15: Simon Yates | DT15: 14 | DU15: 0 | DV15: =SUM(DT15:DU15) -> 14
... B28: 25 | C28: Guillaume Martin | D28: 1 | E28: 0 | F28: =SUM(D28:E28) -> 1 | H28: 25 | I28: Guillaume Martin | J28: 1 | K28: 0 | L28: =SUM(J28:K28) -> 1 | N28: 25 | O28: Oliver Naessen | P28: 1 | Q28: 0 | R28: =SUM(P28:Q28) -> 1 | T28: 25 | U28: Enric Mas | V28: 1 | W28: 0 | X28: =SUM(V28:W28) -> 1 | Z28: 25 | AA28: Cees Bol | AB28: 1 | AC28: 0 | AD28: =SUM(AB28:AC28) -> 1 | AF28: 25 | AG28: Michael Morkov | AH28: 1 | AI28: 0 | AJ28: =SUM(AH28:AI28) -> 1 | AL28: 25 | AM28: Raul Garcia | AN28: 1 | AO28: 0 | AP28: =SUM(AN28:AO28) -> 1 | AR28: 25 | AS28: Dylan Groenewegen | AT28: 1 | AU28: 0 | AV28: =SUM(AT28:AU28) -> 1 | AX28: 25 | AY28: Aleksandr Vlasov | AZ28: 1 | BA28: 0 | BB28: =SUM(AZ28:BA28) -> 1 | BD28: 25 | BE28: Daniel Mclay | BF28: 1 | BG28: 0 | BH28: =SUM(BF28:BG28) -> 1 | BJ28: 25 | BK28: Jai Hindley | BL28: 1 | BM28: 0 | BN28: =SUM(BL28:BM28) -> 1 | BP28: 25 | BQ28: Tiesj Bennoot | BR28: 1 | BS28: 0 | BT28: =SUM(BR28:BS28) -> 1 | BV28: 25 | BW28: Georg Zimmermann | BX28: 1 | BY28: 0 | BZ28: =SUM(BX28:BY28) -> 1 | CB28: 25 | CC28: Wilco Kelderman | CD28: 1 | CE28: 0 | CF28: =SUM(CD28:CE28) -> 1 | CH28: 25 | CI28: Wilco Kelderman | CJ28: 1 | CK28: 0 | CL28: =SUM(CJ28:CK28) -> 1 | CN28: 25 | CO28: Daniel Mclay | CP28: 1 | CQ28: 0 | CR28: =SUM(CP28:CQ28) -> 1 | CT28: 25 | CU28: Romain Gregoire | CV28: 1 | CW28: 0 | CX28: =SUM(CV28:CW28) -> 1 | CZ28: 25 | DA28: Sean Quinn | DB28: 1 | DC28: 0 | DD28: =SUM(DB28:DC28) -> 1 | DF28: 25 | DG28: Valentin Madouas | DH28: 1 | DI28: 0 | DJ28: =SUM(DH28:DI28) -> 1 | DL28: 25 | DM28: Louis Meintjes | DN28: 1 | DO28: 0 | DP28: =SUM(DN28:DO28) -> 1 | DR28: 25 | DS28: Enric Mas | DT28: 1 | DU28: 0 | DV28: =SUM(DT28:DU28) -> 1
A29: Truien Extra | C29: Jonas Abrahamsen | E29: 10 | F29: 10 | O29: Jonas Abrahamsen | Q29: 20 | R29: 20 | U29: Jonas Abrahamsen | W29: 20 | X29: 20 | AA29: Tadej Pogacar | AC29: 10 | AD29: 10 | AG29: Tadej Pogacar | AI29: 10 | AJ29: 10 | AM29: Biniam Girmay | AO29: 10 | AP29: 10 | AS29: Jonas Abrahamsen | AU29: 10 | AV29: 10 | AY29: Remco Evenepoel | BA29: 10 | BB29: 10 | BE29: Remco Evenepoel | BG29: 10 | BH29: 10 | BK29: Biniam Girmay | BM29: 10 | BN29: 10 | BQ29: Remco Evenepoel | BS29: 10 | BT29: 10 | BW29: Remco Evenepoel | BY29: 10 | BZ29: 10 | CC29: Biniam Girmay | CE29: 10 | CF29: 10 | CI29: Biniam Girmay | CK29: 10 | CL29: 10 | CO29: Biniam Girmay | CQ29: 10 | CR29: 10 | CU29: Biniam Girmay | CW29: 10 | CX29: 10 | DA29: Biniam Girmay | DC29: 10 | DD29: 10 | DG29: Biniam Girmay | DI29: 10 | DJ29: 10 | DM29: Biniam Girmay | DO29: 10 | DP29: 10 | DS29: Biniam Girmay | DU29: 10 | DV29: 10
O30: Remco Evenepoel | Q30: 10 | R30: 10 | AA30: Jonas Abrahamsen | AC30: 10 | AD30: 10 | AG30: Remco Evenepoel | AI30: 10 | AJ30: 10 | AM30: Jonas Abrahamsen | AO30: 10 | AP30: 10 | AY30: Tadej Pogacar | BA30: 10 | BB30: 10 | BE30: Tadej Pogacar | BG30: 10 | BH30: 10 | CO30: Tadej Pogacar | CQ30: 20 | CR30: 20 | CU30: Tadej Pogacar | CW30: 20 | CX30: 20 | DA30: Tadej Pogacar | DC30: 20 | DD30: 20 | DS30: Richard Carapaz | DU30: 10 | DV30: 10
AA31: Remco Evenepoel | AC31: 10 | AD31: 10 | AG31: Jonas Abrahamsen | AI31: 10 | AJ31: 10 | BE31: Jonas Abrahamsen | BG31: 10 | BH31: 10 | CO31: Remco Evenepoel | CQ31: 10 | CR31: 10 | CU31: Remco Evenepoel | CW31: 10 | CX31: 10 | DA31: Remco Evenepoel | DC31: 10 | DD31: 10
B34: Totaliteit punten per renner overkoepelend | N34: Eindafrekening | R34: Totale afrekening per speler per klassement | W34: TOTAAL Afrekening
C35: Naam | D35: Totaal | F35: Totaal gesorteerd | N35: Algemeen klassement | R35: Algemeen klassement | W35: Roel | X35: =SUM(T36,T42,T48,T57) -> 839
B36: 1 | C36: {=_xlfn.UNIQUE(_xlfn.VSTACK($C$4:$C$28,$I$4:$I$30,$O$4:$O$30,$U$4:$U$30,$AA$4:$AA$30,$AG$4:$AG$30,$AM$4:$AM$30,$AS$4:$AS$30,$AY$4:$AY$30,$BE$4:$BE$29,$BK$4:$BK$31,$BQ$4:$BQ$32,$BW$4:$BW$32,$CC$4:$CC$32,$CI$4:$CI$32,$CO$4:$CO$32,$CU$4:$CU$32,$DA$4:$DA$32,$DG$4:$DG$32,$DM$4:$DM$32,$DS$4:$DS$32))} -> Romain Bardet | D36: =_xlfn.IFNA(VLOOKUP(C36,$I$4:$L$30,4,FALSE),0)+_xlfn.IFNA(VLOOKUP(C36,$C$4:$F$28,4,FALSE),0)+_xlfn.IFNA(VLOOKUP(C36,$U$4:$X$30,4,FALSE),0)+_xlfn.IFNA(VLOOKUP(C36,$O$4:$R$30,4,FALSE),0)+_xlfn.IFNA(VLOOKUP(C36,$AA$4:$AD$30,4,FALSE),0)+_xlfn.IFNA(VLOOKUP(C36,$AG$4:$AJ$30,4,FALSE),0)+_xlfn.IFNA(VLOOKUP(C36,$AM$4:$AP$30,4,FALSE),0)+_xlfn.IFNA(VLOOKUP(C36,$AS$4:$AV$30,4,FALSE),0)+_xlfn.IFNA(VLOOKUP(C36,$AY$4:$BB$30,4,FALSE),0)+_xlfn.IFNA(VLOOKUP(C36,$BE$4:$BH$29,4,FALSE),0)+_xlfn.IFNA(VLOOKUP(C36,$BK$4:$BN$31,4,FALSE),0)+_xlfn.IFNA(VLOOKUP(C36,$BQ$4:$BT$32,4,FALSE),0)+_xlfn.IFNA(VLOOKUP(C36,$BW$4:$BZ$32,4,FALSE),0)+_xlfn.IFNA(VLOOKUP(C36,$CC$4:$CF$32,4,FALSE),0)+_xlfn.IFNA(VLOOKUP(C36,$CI$4:$CL$32,4,FALSE),0)+_xlfn.IFNA(VLOOKUP(C36,$CO$4:$CR$32,4,FALSE),0)+_xlfn.IFNA(VLOOKUP(C36,$CU$4:$CX$32,4,FALSE),0)+_xlfn.IFNA(VLOOKUP(C36,$DA$4:$DD$32,4,FALSE),0)+_xlfn.IFNA(VLOOKUP(C36,$DG$4:$DJ$32,4,FALSE),0)+_xlfn.IFNA(VLOOKUP(C36,$DM$4:$DP$32,4,FALSE),0)+_xlfn.IFNA(VLOOKUP(C36,$DS$4:$DV$32,4,FALSE),0) -> 137 | F36: {=_xlfn._xlws.SORT($C$36:$D$303,2,-1,FALSE)} -> Tadej Pogacar | G36: 1123 | N36: Positie | O36: Naam | P36: Punten | R36: Roel | S36: 4 | T36: 564 | W36: Jonas | X36: =SUM(T37,T43,T50,T54) -> 623
B37: 2 | C37: Frank Van Den Broek | D37: =_xlfn.IFNA(VLOOKUP(C37,$I$4:$L$30,4,FALSE),0)+_xlfn.IFNA(VLOOKUP(C37,$C$4:$F$28,4,FALSE),0)+_xlfn.IFNA(VLOOKUP(C37,$U$4:$X$30,4,FALSE),0)+_xlfn.IFNA(VLOOKUP(C37,$O$4:$R$30,4,FALSE),0)+_xlfn.IFNA(VLOOKUP(C37,$AA$4:$AD$30,4,FALSE),0)+_xlfn.IFNA(VLOOKUP(C37,$AG$4:$AJ$30,4,FALSE),0)+_xlfn.IFNA(VLOOKUP(C37,$AM$4:$AP$30,4,FALSE),0)+_xlfn.IFNA(VLOOKUP(C37,$AS$4:$AV$30,4,FALSE),0)+_xlfn.IFNA(VLOOKUP(C37,$AY$4:$BB$30,4,FALSE),0)+_xlfn.IFNA(VLOOKUP(C37,$BE$4:$BH$29,4,FALSE),0)+_xlfn.IFNA(VLOOKUP(C37,$BK$4:$BN$31,4,FALSE),0)+_xlfn.IFNA(VLOOKUP(C37,$BQ$4:$BT$32,4,FALSE),0)+_xlfn.IFNA(VLOOKUP(C37,$BW$4:$BZ$32,4,FALSE),0)+_xlfn.IFNA(VLOOKUP(C37,$CC$4:$CF$32,4,FALSE),0)+_xlfn.IFNA(VLOOKUP(C37,$CI$4:$CL$32,4,FALSE),0)+_xlfn.IFNA(VLOOKUP(C37,$CO$4:$CR$32,4,FALSE),0)+_xlfn.IFNA(VLOOKUP(C37,$CU$4:$CX$32,4,FALSE),0)+_xlfn.IFNA(VLOOKUP(C37,$DA$4:$DD$32,4,FALSE),0)+_xlfn.IFNA(VLOOKUP(C37,$DG$4:$DJ$32,4,FALSE),0)+_xlfn.IFNA(VLOOKUP(C37,$DM$4:$DP$32,4,FALSE),0)+_xlfn.IFNA(VLOOKUP(C37,$DS$4:$DV$32,4,FALSE),0) -> 105 | F37: Remco Evenepoel | G37: 786 | N37: 1 | O37: Tadej Pogacar | P37: 300 | R37: Jonas | S37: 4 | T37: 378 | W37: Casper | X37: =SUM(T38,T45,T51,T55) -> 641
B38: 3 | C38: Wout Van Aert | D38: =_xlfn.IFNA(VLOOKUP(C38,$I$4:$L$30,4,FALSE),0)+_xlfn.IFNA(VLOOKUP(C38,$C$4:$F$28,4,FALSE),0)+_xlfn.IFNA(VLOOKUP(C38,$U$4:$X$30,4,FALSE),0)+_xlfn.IFNA(VLOOKUP(C38,$O$4:$R$30,4,FALSE),0)+_xlfn.IFNA(VLOOKUP(C38,$AA$4:$AD$30,4,FALSE),0)+_xlfn.IFNA(VLOOKUP(C38,$AG$4:$AJ$30,4,FALSE),0)+_xlfn.IFNA(VLOOKUP(C38,$AM$4:$AP$30,4,FALSE),0)+_xlfn.IFNA(VLOOKUP(C38,$AS$4:$AV$30,4,FALSE),0)+_xlfn.IFNA(VLOOKUP(C38,$AY$4:$BB$30,4,FALSE),0)+_xlfn.IFNA(VLOOKUP(C38,$BE$4:$BH$29,4,FALSE),0)+_xlfn.IFNA(VLOOKUP(C38,$BK$4:$BN$31,4,FALSE),0)+_xlfn.IFNA(VLOOKUP(C38,$BQ$4:$BT$32,4,FALSE),0)+_xlfn.IFNA(VLOOKUP(C38,$BW$4:$BZ$32,4,FALSE),0)+_xlfn.IFNA(VLOOKUP(C38,$CC$4:$CF$32,4,FALSE),0)+_xlfn.IFNA(VLOOKUP(C38,$CI$4:$CL$32,4,FALSE),0)+_xlfn.IFNA(VLOOKUP(C38,$CO$4:$CR$32,4,FALSE),0)+_xlfn.IFNA(VLOOKUP(C38,$CU$4:$CX$32,4,FALSE),0)+_xlfn.IFNA(VLOOKUP(C38,$DA$4:$DD$32,4,FALSE),0)+_xlfn.IFNA(VLOOKUP(C38,$DG$4:$DJ$32,4,FALSE),0)+_xlfn.IFNA(VLOOKUP(C38,$DM$4:$DP$32,4,FALSE),0)+_xlfn.IFNA(VLOOKUP(C38,$DS$4:$DV$32,4,FALSE),0) -> 382 | F38: Biniam Girmay | G38: 725 | N38: 2 | O38: Jonas Vingegaard | P38: 240 | R38: Casper | S38: 6 | T38: 324 | W38: Dries | X38: =SUM(T39,T44,T49,T56) -> 642
B39: 4 | C39: Tadej Pogacar | D39: =_xlfn.IFNA(VLOOKUP(C39,$I$4:$L$30,4,FALSE),0)+_xlfn.IFNA(VLOOKUP(C39,$C$4:$F$28,4,FALSE),0)+_xlfn.IFNA(VLOOKUP(C39,$U$4:$X$30,4,FALSE),0)+_xlfn.IFNA(VLOOKUP(C39,$O$4:$R$30,4,FALSE),0)+_xlfn.IFNA(VLOOKUP(C39,$AA$4:$AD$30,4,FALSE),0)+_xlfn.IFNA(VLOOKUP(C39,$AG$4:$AJ$30,4,FALSE),0)+_xlfn.IFNA(VLOOKUP(C39,$AM$4:$AP$30,4,FALSE),0)+_xlfn.IFNA(VLOOKUP(C39,$AS$4:$AV$30,4,FALSE),0)+_xlfn.IFNA(VLOOKUP(C39,$AY$4:$BB$30,4,FALSE),0)+_xlfn.IFNA(VLOOKUP(C39,$BE$4:$BH$29,4,FALSE),0)+_xlfn.IFNA(VLOOKUP(C39,$BK$4:$BN$31,4,FALSE),0)+_xlfn.IFNA(VLOOKUP(C39,$BQ$4:$BT$32,4,FALSE),0)+_xlfn.IFNA(VLOOKUP(C39,$BW$4:$BZ$32,4,FALSE),0)+_xlfn.IFNA(VLOOKUP(C39,$CC$4:$CF$32,4,FALSE),0)+_xlfn.IFNA(VLOOKUP(C39,$CI$4:$CL$32,4,FALSE),0)+_xlfn.IFNA(VLOOKUP(C39,$CO$4:$CR$32,4,FALSE),0)+_xlfn.IFNA(VLOOKUP(C39,$CU$4:$CX$32,4,FALSE),0)+_xlfn.IFNA(VLOOKUP(C39,$DA$4:$DD$32,4,FALSE),0)+_xlfn.IFNA(VLOOKUP(C39,$DG$4:$DJ$32,4,FALSE),0)+_xlfn.IFNA(VLOOKUP(C39,$DM$4:$DP$32,4,FALSE),0)+_xlfn.IFNA(VLOOKUP(C39,$DS$4:$DV$32,4,FALSE),0) -> 1123 | F39: Jonas Vingegaard | G39: 578 | N39: 3 | O39: Remco Evenepoel | P39: 195 | R39: Dries | S39: 3 | T39: 357
B40: 5 | C40: Maxim Van Gils | D40: =_xlfn.IFNA(VLOOKUP(C40,$I$4:$L$30,4,FALSE),0)+_xlfn.IFNA(VLOOKUP(C40,$C$4:$F$28,4,FALSE),0)+_xlfn.IFNA(VLOOKUP(C40,$U$4:$X$30,4,FALSE),0)+_xlfn.IFNA(VLOOKUP(C40,$O$4:$R$30,4,FALSE),0)+_xlfn.IFNA(VLOOKUP(C40,$AA$4:$AD$30,4,FALSE),0)+_xlfn.IFNA(VLOOKUP(C40,$AG$4:$AJ$30,4,FALSE),0)+_xlfn.IFNA(VLOOKUP(C40,$AM$4:$AP$30,4,FALSE),0)+_xlfn.IFNA(VLOOKUP(C40,$AS$4:$AV$30,4,FALSE),0)+_xlfn.IFNA(VLOOKUP(C40,$AY$4:$BB$30,4,FALSE),0)+_xlfn.IFNA(VLOOKUP(C40,$BE$4:$BH$29,4,FALSE),0)+_xlfn.IFNA(VLOOKUP(C40,$BK$4:$BN$31,4,FALSE),0)+_xlfn.IFNA(VLOOKUP(C40,$BQ$4:$BT$32,4,FALSE),0)+_xlfn.IFNA(VLOOKUP(C40,$BW$4:$BZ$32,4,FALSE),0)+_xlfn.IFNA(VLOOKUP(C40,$CC$4:$CF$32,4,FALSE),0)+_xlfn.IFNA(VLOOKUP(C40,$CI$4:$CL$32,4,FALSE),0)+_xlfn.IFNA(VLOOKUP(C40,$CO$4:$CR$32,4,FALSE),0)+_xlfn.IFNA(VLOOKUP(C40,$CU$4:$CX$32,4,FALSE),0)+_xlfn.IFNA(VLOOKUP(C40,$DA$4:$DD$32,4,FALSE),0)+_xlfn.IFNA(VLOOKUP(C40,$DG$4:$DJ$32,4,FALSE),0)+_xlfn.IFNA(VLOOKUP(C40,$DM$4:$DP$32,4,FALSE),0)+_xlfn.IFNA(VLOOKUP(C40,$DS$4:$DV$32,4,FALSE),0) -> 77 | F40: Jasper Philipsen | G40: 515 | N40: 4 | O40: Joao Almeida | P40: 165
B41: 6 | C41: Alex Aranburu | D41: =_xlfn.IFNA(VLOOKUP(C41,$I$4:$L$30,4,FALSE),0)+_xlfn.IFNA(VLOOKUP(C41,$C$4:$F$28,4,FALSE),0)+_xlfn.IFNA(VLOOKUP(C41,$U$4:$X$30,4,FALSE),0)+_xlfn.IFNA(VLOOKUP(C41,$O$4:$R$30,4,FALSE),0)+_xlfn.IFNA(VLOOKUP(C41,$AA$4:$AD$30,4,FALSE),0)+_xlfn.IFNA(VLOOKUP(C41,$AG$4:$AJ$30,4,FALSE),0)+_xlfn.IFNA(VLOOKUP(C41,$AM$4:$AP$30,4,FALSE),0)+_xlfn.IFNA(VLOOKUP(C41,$AS$4:$AV$30,4,FALSE),0)+_xlfn.IFNA(VLOOKUP(C41,$AY$4:$BB$30,4,FALSE),0)+_xlfn.IFNA(VLOOKUP(C41,$BE$4:$BH$29,4,FALSE),0)+_xlfn.IFNA(VLOOKUP(C41,$BK$4:$BN$31,4,FALSE),0)+_xlfn.IFNA(VLOOKUP(C41,$BQ$4:$BT$32,4,FALSE),0)+_xlfn.IFNA(VLOOKUP(C41,$BW$4:$BZ$32,4,FALSE),0)+_xlfn.IFNA(VLOOKUP(C41,$CC$4:$CF$32,4,FALSE),0)+_xlfn.IFNA(VLOOKUP(C41,$CI$4:$CL$32,4,FALSE),0)+_xlfn.IFNA(VLOOKUP(C41,$CO$4:$CR$32,4,FALSE),0)+_xlfn.IFNA(VLOOKUP(C41,$CU$4:$CX$32,4,FALSE),0)+_xlfn.IFNA(VLOOKUP(C41,$DA$4:$DD$32,4,FALSE),0)+_xlfn.IFNA(VLOOKUP(C41,$DG$4:$DJ$32,4,FALSE),0)+_xlfn.IFNA(VLOOKUP(C41,$DM$4:$DP$32,4,FALSE),0)+_xlfn.IFNA(VLOOKUP(C41,$DS$4:$DV$32,4,FALSE),0) -> 139 | F41: Wout Van Aert | G41: 382 | N41: 5 | O41: Mikel Landa | P41: 135 | R41: Bergtrui
B42: 7 | C42: Mads Pedersen | D42: =_xlfn.IFNA(VLOOKUP(C42,$I$4:$L$30,4,FALSE),0)+_xlfn.IFNA(VLOOKUP(C42,$C$4:$F$28,4,FALSE),0)+_xlfn.IFNA(VLOOKUP(C42,$U$4:$X$30,4,FALSE),0)+_xlfn.IFNA(VLOOKUP(C42,$O$4:$R$30,4,FALSE),0)+_xlfn.IFNA(VLOOKUP(C42,$AA$4:$AD$30,4,FALSE),0)+_xlfn.IFNA(VLOOKUP(C42,$AG$4:$AJ$30,4,FALSE),0)+_xlfn.IFNA(VLOOKUP(C42,$AM$4:$AP$30,4,FALSE),0)+_xlfn.IFNA(VLOOKUP(C42,$AS$4:$AV$30,4,FALSE),0)+_xlfn.IFNA(VLOOKUP(C42,$AY$4:$BB$30,4,FALSE),0)+_xlfn.IFNA(VLOOKUP(C42,$BE$4:$BH$29,4,FALSE),0)+_xlfn.IFNA(VLOOKUP(C42,$BK$4:$BN$31,4,FALSE),0)+_xlfn.IFNA(VLOOKUP(C42,$BQ$4:$BT$32,4,FALSE),0)+_xlfn.IFNA(VLOOKUP(C42,$BW$4:$BZ$32,4,FALSE),0)+_xlfn.IFNA(VLOOKUP(C42,$CC$4:$CF$32,4,FALSE),0)+_xlfn.IFNA(VLOOKUP(C42,$CI$4:$CL$32,4,FALSE),0)+_xlfn.IFNA(VLOOKUP(C42,$CO$4:$CR$32,4,FALSE),0)+_xlfn.IFNA(VLOOKUP(C42,$CU$4:$CX$32,4,FALSE),0)+_xlfn.IFNA(VLOOKUP(C42,$DA$4:$DD$32,4,FALSE),0)+_xlfn.IFNA(VLOOKUP(C42,$DG$4:$DJ$32,4,FALSE),0)+_xlfn.IFNA(VLOOKUP(C42,$DM$4:$DP$32,4,FALSE),0)+_xlfn.IFNA(VLOOKUP(C42,$DS$4:$DV$32,4,FALSE),0) -> 96 | F42: Pascal Ackermann | G42: 361 | I42: Bankpunten klassement | N42: 6 | O42: Adam Yates | P42: 105 | R42: Roel | S42: 3 | T42: 135
B43: 8 | C43: Remco Evenepoel | D43: =_xlfn.IFNA(VLOOKUP(C43,$I$4:$L$30,4,FALSE),0)+_xlfn.IFNA(VLOOKUP(C43,$C$4:$F$28,4,FALSE),0)+_xlfn.IFNA(VLOOKUP(C43,$U$4:$X$30,4,FALSE),0)+_xlfn.IFNA(VLOOKUP(C43,$O$4:$R$30,4,FALSE),0)+_xlfn.IFNA(VLOOKUP(C43,$AA$4:$AD$30,4,FALSE),0)+_xlfn.IFNA(VLOOKUP(C43,$AG$4:$AJ$30,4,FALSE),0)+_xlfn.IFNA(VLOOKUP(C43,$AM$4:$AP$30,4,FALSE),0)+_xlfn.IFNA(VLOOKUP(C43,$AS$4:$AV$30,4,FALSE),0)+_xlfn.IFNA(VLOOKUP(C43,$AY$4:$BB$30,4,FALSE),0)+_xlfn.IFNA(VLOOKUP(C43,$BE$4:$BH$29,4,FALSE),0)+_xlfn.IFNA(VLOOKUP(C43,$BK$4:$BN$31,4,FALSE),0)+_xlfn.IFNA(VLOOKUP(C43,$BQ$4:$BT$32,4,FALSE),0)+_xlfn.IFNA(VLOOKUP(C43,$BW$4:$BZ$32,4,FALSE),0)+_xlfn.IFNA(VLOOKUP(C43,$CC$4:$CF$32,4,FALSE),0)+_xlfn.IFNA(VLOOKUP(C43,$CI$4:$CL$32,4,FALSE),0)+_xlfn.IFNA(VLOOKUP(C43,$CO$4:$CR$32,4,FALSE),0)+_xlfn.IFNA(VLOOKUP(C43,$CU$4:$CX$32,4,FALSE),0)+_xlfn.IFNA(VLOOKUP(C43,$DA$4:$DD$32,4,FALSE),0)+_xlfn.IFNA(VLOOKUP(C43,$DG$4:$DJ$32,4,FALSE),0)+_xlfn.IFNA(VLOOKUP(C43,$DM$4:$DP$32,4,FALSE),0)+_xlfn.IFNA(VLOOKUP(C43,$DS$4:$DV$32,4,FALSE),0) -> 786 | F43: Richard Carapaz | G43: 321 | I43: Jonas | N43: 7 | O43: Carlos Rodriguez | P43: 90 | R43: Jonas | S43: 2 | T43: 75
B44: 9 | C44: Pello Bilbao | D44: =_xlfn.IFNA(VLOOKUP(C44,$I$4:$L$30,4,FALSE),0)+_xlfn.IFNA(VLOOKUP(C44,$C$4:$F$28,4,FALSE),0)+_xlfn.IFNA(VLOOKUP(C44,$U$4:$X$30,4,FALSE),0)+_xlfn.IFNA(VLOOKUP(C44,$O$4:$R$30,4,FALSE),0)+_xlfn.IFNA(VLOOKUP(C44,$AA$4:$AD$30,4,FALSE),0)+_xlfn.IFNA(VLOOKUP(C44,$AG$4:$AJ$30,4,FALSE),0)+_xlfn.IFNA(VLOOKUP(C44,$AM$4:$AP$30,4,FALSE),0)+_xlfn.IFNA(VLOOKUP(C44,$AS$4:$AV$30,4,FALSE),0)+_xlfn.IFNA(VLOOKUP(C44,$AY$4:$BB$30,4,FALSE),0)+_xlfn.IFNA(VLOOKUP(C44,$BE$4:$BH$29,4,FALSE),0)+_xlfn.IFNA(VLOOKUP(C44,$BK$4:$BN$31,4,FALSE),0)+_xlfn.IFNA(VLOOKUP(C44,$BQ$4:$BT$32,4,FALSE),0)+_xlfn.IFNA(VLOOKUP(C44,$BW$4:$BZ$32,4,FALSE),0)+_xlfn.IFNA(VLOOKUP(C44,$CC$4:$CF$32,4,FALSE),0)+_xlfn.IFNA(VLOOKUP(C44,$CI$4:$CL$32,4,FALSE),0)+_xlfn.IFNA(VLOOKUP(C44,$CO$4:$CR$32,4,FALSE),0)+_xlfn.IFNA(VLOOKUP(C44,$CU$4:$CX$32,4,FALSE),0)+_xlfn.IFNA(VLOOKUP(C44,$DA$4:$DD$32,4,FALSE),0)+_xlfn.IFNA(VLOOKUP(C44,$DG$4:$DJ$32,4,FALSE),0)+_xlfn.IFNA(VLOOKUP(C44,$DM$4:$DP$32,4,FALSE),0)+_xlfn.IFNA(VLOOKUP(C44,$DS$4:$DV$32,4,FALSE),0) -> 31 | F44: Arnaud De Lie | G44: 284 | I44: Casper | N44: 8 | O44: Matteo Jorgenson | P44: 75 | R44: Dries | S44: 2 | T44: 130
B45: 10 | C45: Alberto Bettiol | D45: =_xlfn.IFNA(VLOOKUP(C45,$I$4:$L$30,4,FALSE),0)+_xlfn.IFNA(VLOOKUP(C45,$C$4:$F$28,4,FALSE),0)+_xlfn.IFNA(VLOOKUP(C45,$U$4:$X$30,4,FALSE),0)+_xlfn.IFNA(VLOOKUP(C45,$O$4:$R$30,4,FALSE),0)+_xlfn.IFNA(VLOOKUP(C45,$AA$4:$AD$30,4,FALSE),0)+_xlfn.IFNA(VLOOKUP(C45,$AG$4:$AJ$30,4,FALSE),0)+_xlfn.IFNA(VLOOKUP(C45,$AM$4:$AP$30,4,FALSE),0)+_xlfn.IFNA(VLOOKUP(C45,$AS$4:$AV$30,4,FALSE),0)+_xlfn.IFNA(VLOOKUP(C45,$AY$4:$BB$30,4,FALSE),0)+_xlfn.IFNA(VLOOKUP(C45,$BE$4:$BH$29,4,FALSE),0)+_xlfn.IFNA(VLOOKUP(C45,$BK$4:$BN$31,4,FALSE),0)+_xlfn.IFNA(VLOOKUP(C45,$BQ$4:$BT$32,4,FALSE),0)+_xlfn.IFNA(VLOOKUP(C45,$BW$4:$BZ$32,4,FALSE),0)+_xlfn.IFNA(VLOOKUP(C45,$CC$4:$CF$32,4,FALSE),0)+_xlfn.IFNA(VLOOKUP(C45,$CI$4:$CL$32,4,FALSE),0)+_xlfn.IFNA(VLOOKUP(C45,$CO$4:$CR$32,4,FALSE),0)+_xlfn.IFNA(VLOOKUP(C45,$CU$4:$CX$32,4,FALSE),0)+_xlfn.IFNA(VLOOKUP(C45,$DA$4:$DD$32,4,FALSE),0)+_xlfn.IFNA(VLOOKUP(C45,$DG$4:$DJ$32,4,FALSE),0)+_xlfn.IFNA(VLOOKUP(C45,$DM$4:$DP$32,4,FALSE),0)+_xlfn.IFNA(VLOOKUP(C45,$DS$4:$DV$32,4,FALSE),0) -> 17 | F45: Matteo Jorgenson | G45: 259 | I45: Roel | N45: 9 | O45: Derek Gee | P45: 60 | R45: Casper | S45: 1 | T45: 5
B46: 11 | C46: Tom Pidcock | D46: =_xlfn.IFNA(VLOOKUP(C46,$I$4:$L$30,4,FALSE),0)+_xlfn.IFNA(VLOOKUP(C46,$C$4:$F$28,4,FALSE),0)+_xlfn.IFNA(VLOOKUP(C46,$U$4:$X$30,4,FALSE),0)+_xlfn.IFNA(VLOOKUP(C46,$O$4:$R$30,4,FALSE),0)+_xlfn.IFNA(VLOOKUP(C46,$AA$4:$AD$30,4,FALSE),0)+_xlfn.IFNA(VLOOKUP(C46,$AG$4:$AJ$30,4,FALSE),0)+_xlfn.IFNA(VLOOKUP(C46,$AM$4:$AP$30,4,FALSE),0)+_xlfn.IFNA(VLOOKUP(C46,$AS$4:$AV$30,4,FALSE),0)+_xlfn.IFNA(VLOOKUP(C46,$AY$4:$BB$30,4,FALSE),0)+_xlfn.IFNA(VLOOKUP(C46,$BE$4:$BH$29,4,FALSE),0)+_xlfn.IFNA(VLOOKUP(C46,$BK$4:$BN$31,4,FALSE),0)+_xlfn.IFNA(VLOOKUP(C46,$BQ$4:$BT$32,4,FALSE),0)+_xlfn.IFNA(VLOOKUP(C46,$BW$4:$BZ$32,4,FALSE),0)+_xlfn.IFNA(VLOOKUP(C46,$CC$4:$CF$32,4,FALSE),0)+_xlfn.IFNA(VLOOKUP(C46,$CI$4:$CL$32,4,FALSE),0)+_xlfn.IFNA(VLOOKUP(C46,$CO$4:$CR$32,4,FALSE),0)+_xlfn.IFNA(VLOOKUP(C46,$CU$4:$CX$32,4,FALSE),0)+_xlfn.IFNA(VLOOKUP(C46,$DA$4:$DD$32,4,FALSE),0)+_xlfn.IFNA(VLOOKUP(C46,$DG$4:$DJ$32,4,FALSE),0)+_xlfn.IFNA(VLOOKUP(C46,$DM$4:$DP$32,4,FALSE),0)+_xlfn.IFNA(VLOOKUP(C46,$DS$4:$DV$32,4,FALSE),0) -> 95 | F46: Joao Almeida | G46: 254 | I46: Dries | N46: 10 | O46: Santiago Buitrago | P46: 51
B47: 12 | C47: Egan Bernal | D47: =_xlfn.IFNA(VLOOKUP(C47,$I$4:$L$30,4,FALSE),0)+_xlfn.IFNA(VLOOKUP(C47,$C$4:$F$28,4,FALSE),0)+_xlfn.IFNA(VLOOKUP(C47,$U$4:$X$30,4,FALSE),0)+_xlfn.IFNA(VLOOKUP(C47,$O$4:$R$30,4,FALSE),0)+_xlfn.IFNA(VLOOKUP(C47,$AA$4:$AD$30,4,FALSE),0)+_xlfn.IFNA(VLOOKUP(C47,$AG$4:$AJ$30,4,FALSE),0)+_xlfn.IFNA(VLOOKUP(C47,$AM$4:$AP$30,4,FALSE),0)+_xlfn.IFNA(VLOOKUP(C47,$AS$4:$AV$30,4,FALSE),0)+_xlfn.IFNA(VLOOKUP(C47,$AY$4:$BB$30,4,FALSE),0)+_xlfn.IFNA(VLOOKUP(C47,$BE$4:$BH$29,4,FALSE),0)+_xlfn.IFNA(VLOOKUP(C47,$BK$4:$BN$31,4,FALSE),0)+_xlfn.IFNA(VLOOKUP(C47,$BQ$4:$BT$32,4,FALSE),0)+_xlfn.IFNA(VLOOKUP(C47,$BW$4:$BZ$32,4,FALSE),0)+_xlfn.IFNA(VLOOKUP(C47,$CC$4:$CF$32,4,FALSE),0)+_xlfn.IFNA(VLOOKUP(C47,$CI$4:$CL$32,4,FALSE),0)+_xlfn.IFNA(VLOOKUP(C47,$CO$4:$CR$32,4,FALSE),0)+_xlfn.IFNA(VLOOKUP(C47,$CU$4:$CX$32,4,FALSE),0)+_xlfn.IFNA(VLOOKUP(C47,$DA$4:$DD$32,4,FALSE),0)+_xlfn.IFNA(VLOOKUP(C47,$DG$4:$DJ$32,4,FALSE),0)+_xlfn.IFNA(VLOOKUP(C47,$DM$4:$DP$32,4,FALSE),0)+_xlfn.IFNA(VLOOKUP(C47,$DS$4:$DV$32,4,FALSE),0) -> 44 | F47: Fernando Gaviria | G47: 227 | N47: 11 | O47: Giulio Ciccone | P47: 45 | R47: Puntentrui
B48: 13 | C48: Ilan Van Wilder | D48: =_xlfn.IFNA(VLOOKUP(C48,$I$4:$L$30,4,FALSE),0)+_xlfn.IFNA(VLOOKUP(C48,$C$4:$F$28,4,FALSE),0)+_xlfn.IFNA(VLOOKUP(C48,$U$4:$X$30,4,FALSE),0)+_xlfn.IFNA(VLOOKUP(C48,$O$4:$R$30,4,FALSE),0)+_xlfn.IFNA(VLOOKUP(C48,$AA$4:$AD$30,4,FALSE),0)+_xlfn.IFNA(VLOOKUP(C48,$AG$4:$AJ$30,4,FALSE),0)+_xlfn.IFNA(VLOOKUP(C48,$AM$4:$AP$30,4,FALSE),0)+_xlfn.IFNA(VLOOKUP(C48,$AS$4:$AV$30,4,FALSE),0)+_xlfn.IFNA(VLOOKUP(C48,$AY$4:$BB$30,4,FALSE),0)+_xlfn.IFNA(VLOOKUP(C48,$BE$4:$BH$29,4,FALSE),0)+_xlfn.IFNA(VLOOKUP(C48,$BK$4:$BN$31,4,FALSE),0)+_xlfn.IFNA(VLOOKUP(C48,$BQ$4:$BT$32,4,FALSE),0)+_xlfn.IFNA(VLOOKUP(C48,$BW$4:$BZ$32,4,FALSE),0)+_xlfn.IFNA(VLOOKUP(C48,$CC$4:$CF$32,4,FALSE),0)+_xlfn.IFNA(VLOOKUP(C48,$CI$4:$CL$32,4,FALSE),0)+_xlfn.IFNA(VLOOKUP(C48,$CO$4:$CR$32,4,FALSE),0)+_xlfn.IFNA(VLOOKUP(C48,$CU$4:$CX$32,4,FALSE),0)+_xlfn.IFNA(VLOOKUP(C48,$DA$4:$DD$32,4,FALSE),0)+_xlfn.IFNA(VLOOKUP(C48,$DG$4:$DJ$32,4,FALSE),0)+_xlfn.IFNA(VLOOKUP(C48,$DM$4:$DP$32,4,FALSE),0)+_xlfn.IFNA(VLOOKUP(C48,$DS$4:$DV$32,4,FALSE),0) -> 48 | F48: Phil Bauhaus | G48: 225 | N48: 12 | O48: Simon Yates | P48: 42 | R48: Roel | S48: 2 | T48: 100
B49: 14 | C49: Victor Campenaerts | D49: =_xlfn.IFNA(VLOOKUP(C49,$I$4:$L$30,4,FALSE),0)+_xlfn.IFNA(VLOOKUP(C49,$C$4:$F$28,4,FALSE),0)+_xlfn.IFNA(VLOOKUP(C49,$U$4:$X$30,4,FALSE),0)+_xlfn.IFNA(VLOOKUP(C49,$O$4:$R$30,4,FALSE),0)+_xlfn.IFNA(VLOOKUP(C49,$AA$4:$AD$30,4,FALSE),0)+_xlfn.IFNA(VLOOKUP(C49,$AG$4:$AJ$30,4,FALSE),0)+_xlfn.IFNA(VLOOKUP(C49,$AM$4:$AP$30,4,FALSE),0)+_xlfn.IFNA(VLOOKUP(C49,$AS$4:$AV$30,4,FALSE),0)+_xlfn.IFNA(VLOOKUP(C49,$AY$4:$BB$30,4,FALSE),0)+_xlfn.IFNA(VLOOKUP(C49,$BE$4:$BH$29,4,FALSE),0)+_xlfn.IFNA(VLOOKUP(C49,$BK$4:$BN$31,4,FALSE),0)+_xlfn.IFNA(VLOOKUP(C49,$BQ$4:$BT$32,4,FALSE),0)+_xlfn.IFNA(VLOOKUP(C49,$BW$4:$BZ$32,4,FALSE),0)+_xlfn.IFNA(VLOOKUP(C49,$CC$4:$CF$32,4,FALSE),0)+_xlfn.IFNA(VLOOKUP(C49,$CI$4:$CL$32,4,FALSE),0)+_xlfn.IFNA(VLOOKUP(C49,$CO$4:$CR$32,4,FALSE),0)+_xlfn.IFNA(VLOOKUP(C49,$CU$4:$CX$32,4,FALSE),0)+_xlfn.IFNA(VLOOKUP(C49,$DA$4:$DD$32,4,FALSE),0)+_xlfn.IFNA(VLOOKUP(C49,$DG$4:$DJ$32,4,FALSE),0)+_xlfn.IFNA(VLOOKUP(C49,$DM$4:$DP$32,4,FALSE),0)+_xlfn.IFNA(VLOOKUP(C49,$DS$4:$DV$32,4,FALSE),0) -> 170 | F49: Alexander Kristoff | G49: 214 | N49: 13 | O49: Guillaume Martin | P49: 39 | R49: Dries | S49: 2 | T49: 70
B50: 15 | C50: Jai Hindley | D50: =_xlfn.IFNA(VLOOKUP(C50,$I$4:$L$30,4,FALSE),0)+_xlfn.IFNA(VLOOKUP(C50,$C$4:$F$28,4,FALSE),0)+_xlfn.IFNA(VLOOKUP(C50,$U$4:$X$30,4,FALSE),0)+_xlfn.IFNA(VLOOKUP(C50,$O$4:$R$30,4,FALSE),0)+_xlfn.IFNA(VLOOKUP(C50,$AA$4:$AD$30,4,FALSE),0)+_xlfn.IFNA(VLOOKUP(C50,$AG$4:$AJ$30,4,FALSE),0)+_xlfn.IFNA(VLOOKUP(C50,$AM$4:$AP$30,4,FALSE),0)+_xlfn.IFNA(VLOOKUP(C50,$AS$4:$AV$30,4,FALSE),0)+_xlfn.IFNA(VLOOKUP(C50,$AY$4:$BB$30,4,FALSE),0)+_xlfn.IFNA(VLOOKUP(C50,$BE$4:$BH$29,4,FALSE),0)+_xlfn.IFNA(VLOOKUP(C50,$BK$4:$BN$31,4,FALSE),0)+_xlfn.IFNA(VLOOKUP(C50,$BQ$4:$BT$32,4,FALSE),0)+_xlfn.IFNA(VLOOKUP(C50,$BW$4:$BZ$32,4,FALSE),0)+_xlfn.IFNA(VLOOKUP(C50,$CC$4:$CF$32,4,FALSE),0)+_xlfn.IFNA(VLOOKUP(C50,$CI$4:$CL$32,4,FALSE),0)+_xlfn.IFNA(VLOOKUP(C50,$CO$4:$CR$32,4,FALSE),0)+_xlfn.IFNA(VLOOKUP(C50,$CU$4:$CX$32,4,FALSE),0)+_xlfn.IFNA(VLOOKUP(C50,$DA$4:$DD$32,4,FALSE),0)+_xlfn.IFNA(VLOOKUP(C50,$DG$4:$DJ$32,4,FALSE),0)+_xlfn.IFNA(VLOOKUP(C50,$DM$4:$DP$32,4,FALSE),0)+_xlfn.IFNA(VLOOKUP(C50,$DS$4:$DV$32,4,FALSE),0) -> 64 | F50: Derek Gee | G50: 209 | N50: 14 | O50: Felix Gall | P50: 36 | R50: Jonas | S50: 2 | T50: 155
B51: 16 | C51: Jonas Vingegaard | D51: =_xlfn.IFNA(VLOOKUP(C51,$I$4:$L$30,4,FALSE),0)+_xlfn.IFNA(VLOOKUP(C51,$C$4:$F$28,4,FALSE),0)+_xlfn.IFNA(VLOOKUP(C51,$U$4:$X$30,4,FALSE),0)+_xlfn.IFNA(VLOOKUP(C51,$O$4:$R$30,4,FALSE),0)+_xlfn.IFNA(VLOOKUP(C51,$AA$4:$AD$30,4,FALSE),0)+_xlfn.IFNA(VLOOKUP(C51,$AG$4:$AJ$30,4,FALSE),0)+_xlfn.IFNA(VLOOKUP(C51,$AM$4:$AP$30,4,FALSE),0)+_xlfn.IFNA(VLOOKUP(C51,$AS$4:$AV$30,4,FALSE),0)+_xlfn.IFNA(VLOOKUP(C51,$AY$4:$BB$30,4,FALSE),0)+_xlfn.IFNA(VLOOKUP(C51,$BE$4:$BH$29,4,FALSE),0)+_xlfn.IFNA(VLOOKUP(C51,$BK$4:$BN$31,4,FALSE),0)+_xlfn.IFNA(VLOOKUP(C51,$BQ$4:$BT$32,4,FALSE),0)+_xlfn.IFNA(VLOOKUP(C51,$BW$4:$BZ$32,4,FALSE),0)+_xlfn.IFNA(VLOOKUP(C51,$CC$4:$CF$32,4,FALSE),0)+_xlfn.IFNA(VLOOKUP(C51,$CI$4:$CL$32,4,FALSE),0)+_xlfn.IFNA(VLOOKUP(C51,$CO$4:$CR$32,4,FALSE),0)+_xlfn.IFNA(VLOOKUP(C51,$CU$4:$CX$32,4,FALSE),0)+_xlfn.IFNA(VLOOKUP(C51,$DA$4:$DD$32,4,FALSE),0)+_xlfn.IFNA(VLOOKUP(C51,$DG$4:$DJ$32,4,FALSE),0)+_xlfn.IFNA(VLOOKUP(C51,$DM$4:$DP$32,4,FALSE),0)+_xlfn.IFNA(VLOOKUP(C51,$DS$4:$DV$32,4,FALSE),0) -> 578 | F51: Dylan Groenewegen | G51: 207 | N51: 15 | O51: Laurens De Plus | P51: 33 | R51: Casper | S51: 2 | T51: 220
B52: 17 | C52: Derek Gee | D52: =_xlfn.IFNA(VLOOKUP(C52,$I$4:$L$30,4,FALSE),0)+_xlfn.IFNA(VLOOKUP(C52,$C$4:$F$28,4,FALSE),0)+_xlfn.IFNA(VLOOKUP(C52,$U$4:$X$30,4,FALSE),0)+_xlfn.IFNA(VLOOKUP(C52,$O$4:$R$30,4,FALSE),0)+_xlfn.IFNA(VLOOKUP(C52,$AA$4:$AD$30,4,FALSE),0)+_xlfn.IFNA(VLOOKUP(C52,$AG$4:$AJ$30,4,FALSE),0)+_xlfn.IFNA(VLOOKUP(C52,$AM$4:$AP$30,4,FALSE),0)+_xlfn.IFNA(VLOOKUP(C52,$AS$4:$AV$30,4,FALSE),0)+_xlfn.IFNA(VLOOKUP(C52,$AY$4:$BB$30,4,FALSE),0)+_xlfn.IFNA(VLOOKUP(C52,$BE$4:$BH$29,4,FALSE),0)+_xlfn.IFNA(VLOOKUP(C52,$BK$4:$BN$31,4,FALSE),0)+_xlfn.IFNA(VLOOKUP(C52,$BQ$4:$BT$32,4,FALSE),0)+_xlfn.IFNA(VLOOKUP(C52,$BW$4:$BZ$32,4,FALSE),0)+_xlfn.IFNA(VLOOKUP(C52,$CC$4:$CF$32,4,FALSE),0)+_xlfn.IFNA(VLOOKUP(C52,$CI$4:$CL$32,4,FALSE),0)+_xlfn.IFNA(VLOOKUP(C52,$CO$4:$CR$32,4,FALSE),0)+_xlfn.IFNA(VLOOKUP(C52,$CU$4:$CX$32,4,FALSE),0)+_xlfn.IFNA(VLOOKUP(C52,$DA$4:$DD$32,4,FALSE),0)+_xlfn.IFNA(VLOOKUP(C52,$DG$4:$DJ$32,4,FALSE),0)+_xlfn.IFNA(VLOOKUP(C52,$DM$4:$DP$32,4,FALSE),0)+_xlfn.IFNA(VLOOKUP(C52,$DS$4:$DV$32,4,FALSE),0) -> 209 | F52: Mikel Landa | G52: 205 | N52: 16 | O52: Steff Cras | P52: 30
B53: 18 | C53: Aleksandr Vlasov | D53: =_xlfn.IFNA(VLOOKUP(C53,$I$4:$L$30,4,FALSE),0)+_xlfn.IFNA(VLOOKUP(C53,$C$4:$F$28,4,FALSE),0)+_xlfn.IFNA(VLOOKUP(C53,$U$4:$X$30,4,FALSE),0)+_xlfn.IFNA(VLOOKUP(C53,$O$4:$R$30,4,FALSE),0)+_xlfn.IFNA(VLOOKUP(C53,$AA$4:$AD$30,4,FALSE),0)+_xlfn.IFNA(VLOOKUP(C53,$AG$4:$AJ$30,4,FALSE),0)+_xlfn.IFNA(VLOOKUP(C53,$AM$4:$AP$30,4,FALSE),0)+_xlfn.IFNA(VLOOKUP(C53,$AS$4:$AV$30,4,FALSE),0)+_xlfn.IFNA(VLOOKUP(C53,$AY$4:$BB$30,4,FALSE),0)+_xlfn.IFNA(VLOOKUP(C53,$BE$4:$BH$29,4,FALSE),0)+_xlfn.IFNA(VLOOKUP(C53,$BK$4:$BN$31,4,FALSE),0)+_xlfn.IFNA(VLOOKUP(C53,$BQ$4:$BT$32,4,FALSE),0)+_xlfn.IFNA(VLOOKUP(C53,$BW$4:$BZ$32,4,FALSE),0)+_xlfn.IFNA(VLOOKUP(C53,$CC$4:$CF$32,4,FALSE),0)+_xlfn.IFNA(VLOOKUP(C53,$CI$4:$CL$32,4,FALSE),0)+_xlfn.IFNA(VLOOKUP(C53,$CO$4:$CR$32,4,FALSE),0)+_xlfn.IFNA(VLOOKUP(C53,$CU$4:$CX$32,4,FALSE),0)+_xlfn.IFNA(VLOOKUP(C53,$DA$4:$DD$32,4,FALSE),0)+_xlfn.IFNA(VLOOKUP(C53,$DG$4:$DJ$32,4,FALSE),0)+_xlfn.IFNA(VLOOKUP(C53,$DM$4:$DP$32,4,FALSE),0)+_xlfn.IFNA(VLOOKUP(C53,$DS$4:$DV$32,4,FALSE),0) -> 36 | F53: Simon Yates | G53: 203 | N53: 17 | O53: Richard Carapaz | P53: 27 | R53: Jongerentrui
B54: 19 | C54: Toms Skujins | D54: =_xlfn.IFNA(VLOOKUP(C54,$I$4:$L$30,4,FALSE),0)+_xlfn.IFNA(VLOOKUP(C54,$C$4:$F$28,4,FALSE),0)+_xlfn.IFNA(VLOOKUP(C54,$U$4:$X$30,4,FALSE),0)+_xlfn.IFNA(VLOOKUP(C54,$O$4:$R$30,4,FALSE),0)+_xlfn.IFNA(VLOOKUP(C54,$AA$4:$AD$30,4,FALSE),0)+_xlfn.IFNA(VLOOKUP(C54,$AG$4:$AJ$30,4,FALSE),0)+_xlfn.IFNA(VLOOKUP(C54,$AM$4:$AP$30,4,FALSE),0)+_xlfn.IFNA(VLOOKUP(C54,$AS$4:$AV$30,4,FALSE),0)+_xlfn.IFNA(VLOOKUP(C54,$AY$4:$BB$30,4,FALSE),0)+_xlfn.IFNA(VLOOKUP(C54,$BE$4:$BH$29,4,FALSE),0)+_xlfn.IFNA(VLOOKUP(C54,$BK$4:$BN$31,4,FALSE),0)+_xlfn.IFNA(VLOOKUP(C54,$BQ$4:$BT$32,4,FALSE),0)+_xlfn.IFNA(VLOOKUP(C54,$BW$4:$BZ$32,4,FALSE),0)+_xlfn.IFNA(VLOOKUP(C54,$CC$4:$CF$32,4,FALSE),0)+_xlfn.IFNA(VLOOKUP(C54,$CI$4:$CL$32,4,FALSE),0)+_xlfn.IFNA(VLOOKUP(C54,$CO$4:$CR$32,4,FALSE),0)+_xlfn.IFNA(VLOOKUP(C54,$CU$4:$CX$32,4,FALSE),0)+_xlfn.IFNA(VLOOKUP(C54,$DA$4:$DD$32,4,FALSE),0)+_xlfn.IFNA(VLOOKUP(C54,$DG$4:$DJ$32,4,FALSE),0)+_xlfn.IFNA(VLOOKUP(C54,$DM$4:$DP$32,4,FALSE),0)+_xlfn.IFNA(VLOOKUP(C54,$DS$4:$DV$32,4,FALSE),0) -> 82 | F54: Carlos Rodriguez | G54: 191 | N54: 18 | O54: Jai Hindley | P54: 24 | R54: Jonas | S54: 1 | T54: 15
B55: 20 | C55: Geraint Thomas | D55: =_xlfn.IFNA(VLOOKUP(C55,$I$4:$L$30,4,FALSE),0)+_xlfn.IFNA(VLOOKUP(C55,$C$4:$F$28,4,FALSE),0)+_xlfn.IFNA(VLOOKUP(C55,$U$4:$X$30,4,FALSE),0)+_xlfn.IFNA(VLOOKUP(C55,$O$4:$R$30,4,FALSE),0)+_xlfn.IFNA(VLOOKUP(C55,$AA$4:$AD$30,4,FALSE),0)+_xlfn.IFNA(VLOOKUP(C55,$AG$4:$AJ$30,4,FALSE),0)+_xlfn.IFNA(VLOOKUP(C55,$AM$4:$AP$30,4,FALSE),0)+_xlfn.IFNA(VLOOKUP(C55,$AS$4:$AV$30,4,FALSE),0)+_xlfn.IFNA(VLOOKUP(C55,$AY$4:$BB$30,4,FALSE),0)+_xlfn.IFNA(VLOOKUP(C55,$BE$4:$BH$29,4,FALSE),0)+_xlfn.IFNA(VLOOKUP(C55,$BK$4:$BN$31,4,FALSE),0)+_xlfn.IFNA(VLOOKUP(C55,$BQ$4:$BT$32,4,FALSE),0)+_xlfn.IFNA(VLOOKUP(C55,$BW$4:$BZ$32,4,FALSE),0)+_xlfn.IFNA(VLOOKUP(C55,$CC$4:$CF$32,4,FALSE),0)+_xlfn.IFNA(VLOOKUP(C55,$CI$4:$CL$32,4,FALSE),0)+_xlfn.IFNA(VLOOKUP(C55,$CO$4:$CR$32,4,FALSE),0)+_xlfn.IFNA(VLOOKUP(C55,$CU$4:$CX$32,4,FALSE),0)+_xlfn.IFNA(VLOOKUP(C55,$DA$4:$DD$32,4,FALSE),0)+_xlfn.IFNA(VLOOKUP(C55,$DG$4:$DJ$32,4,FALSE),0)+_xlfn.IFNA(VLOOKUP(C55,$DM$4:$DP$32,4,FALSE),0)+_xlfn.IFNA(VLOOKUP(C55,$DS$4:$DV$32,4,FALSE),0) -> 17 | F55: Anthony Turgis | G55: 187 | N55: 19 | O55: Enric Mas | P55: 21 | R55: Casper | S55: 3 | T55: 92
B56: 21 | C56: Steff Cras | D56: =_xlfn.IFNA(VLOOKUP(C56,$I$4:$L$30,4,FALSE),0)+_xlfn.IFNA(VLOOKUP(C56,$C$4:$F$28,4,FALSE),0)+_xlfn.IFNA(VLOOKUP(C56,$U$4:$X$30,4,FALSE),0)+_xlfn.IFNA(VLOOKUP(C56,$O$4:$R$30,4,FALSE),0)+_xlfn.IFNA(VLOOKUP(C56,$AA$4:$AD$30,4,FALSE),0)+_xlfn.IFNA(VLOOKUP(C56,$AG$4:$AJ$30,4,FALSE),0)+_xlfn.IFNA(VLOOKUP(C56,$AM$4:$AP$30,4,FALSE),0)+_xlfn.IFNA(VLOOKUP(C56,$AS$4:$AV$30,4,FALSE),0)+_xlfn.IFNA(VLOOKUP(C56,$AY$4:$BB$30,4,FALSE),0)+_xlfn.IFNA(VLOOKUP(C56,$BE$4:$BH$29,4,FALSE),0)+_xlfn.IFNA(VLOOKUP(C56,$BK$4:$BN$31,4,FALSE),0)+_xlfn.IFNA(VLOOKUP(C56,$BQ$4:$BT$32,4,FALSE),0)+_xlfn.IFNA(VLOOKUP(C56,$BW$4:$BZ$32,4,FALSE),0)+_xlfn.IFNA(VLOOKUP(C56,$CC$4:$CF$32,4,FALSE),0)+_xlfn.IFNA(VLOOKUP(C56,$CI$4:$CL$32,4,FALSE),0)+_xlfn.IFNA(VLOOKUP(C56,$CO$4:$CR$32,4,FALSE),0)+_xlfn.IFNA(VLOOKUP(C56,$CU$4:$CX$32,4,FALSE),0)+_xlfn.IFNA(VLOOKUP(C56,$DA$4:$DD$32,4,FALSE),0)+_xlfn.IFNA(VLOOKUP(C56,$DG$4:$DJ$32,4,FALSE),0)+_xlfn.IFNA(VLOOKUP(C56,$DM$4:$DP$32,4,FALSE),0)+_xlfn.IFNA(VLOOKUP(C56,$DS$4:$DV$32,4,FALSE),0) -> 41 | F56: Jonas Abrahamsen | G56: 185 | N56: 20 | O56: Louis Meintjes | P56: 18 | R56: Dries | S56: 2 | T56: 85
B57: 22 | C57: Richard Carapazz | D57: =_xlfn.IFNA(VLOOKUP(C57,$I$4:$L$30,4,FALSE),0)+_xlfn.IFNA(VLOOKUP(C57,$C$4:$F$28,4,FALSE),0)+_xlfn.IFNA(VLOOKUP(C57,$U$4:$X$30,4,FALSE),0)+_xlfn.IFNA(VLOOKUP(C57,$O$4:$R$30,4,FALSE),0)+_xlfn.IFNA(VLOOKUP(C57,$AA$4:$AD$30,4,FALSE),0)+_xlfn.IFNA(VLOOKUP(C57,$AG$4:$AJ$30,4,FALSE),0)+_xlfn.IFNA(VLOOKUP(C57,$AM$4:$AP$30,4,FALSE),0)+_xlfn.IFNA(VLOOKUP(C57,$AS$4:$AV$30,4,FALSE),0)+_xlfn.IFNA(VLOOKUP(C57,$AY$4:$BB$30,4,FALSE),0)+_xlfn.IFNA(VLOOKUP(C57,$BE$4:$BH$29,4,FALSE),0)+_xlfn.IFNA(VLOOKUP(C57,$BK$4:$BN$31,4,FALSE),0)+_xlfn.IFNA(VLOOKUP(C57,$BQ$4:$BT$32,4,FALSE),0)+_xlfn.IFNA(VLOOKUP(C57,$BW$4:$BZ$32,4,FALSE),0)+_xlfn.IFNA(VLOOKUP(C57,$CC$4:$CF$32,4,FALSE),0)+_xlfn.IFNA(VLOOKUP(C57,$CI$4:$CL$32,4,FALSE),0)+_xlfn.IFNA(VLOOKUP(C57,$CO$4:$CR$32,4,FALSE),0)+_xlfn.IFNA(VLOOKUP(C57,$CU$4:$CX$32,4,FALSE),0)+_xlfn.IFNA(VLOOKUP(C57,$DA$4:$DD$32,4,FALSE),0)+_xlfn.IFNA(VLOOKUP(C57,$DG$4:$DJ$32,4,FALSE),0)+_xlfn.IFNA(VLOOKUP(C57,$DM$4:$DP$32,4,FALSE),0)+_xlfn.IFNA(VLOOKUP(C57,$DS$4:$DV$32,4,FALSE),0) -> 4 | F57: Primoz Roglic | G57: 175 | N57: 21 | O57: Wilco Kelderman | P57: 15 | R57: Roel | S57: 1 | T57: 40
B58: 23 | C58: Matteo Jorgenson | D58: =_xlfn.IFNA(VLOOKUP(C58,$I$4:$L$30,4,FALSE),0)+_xlfn.IFNA(VLOOKUP(C58,$C$4:$F$28,4,FALSE),0)+_xlfn.IFNA(VLOOKUP(C58,$U$4:$X$30,4,FALSE),0)+_xlfn.IFNA(VLOOKUP(C58,$O$4:$R$30,4,FALSE),0)+_xlfn.IFNA(VLOOKUP(C58,$AA$4:$AD$30,4,FALSE),0)+_xlfn.IFNA(VLOOKUP(C58,$AG$4:$AJ$30,4,FALSE),0)+_xlfn.IFNA(VLOOKUP(C58,$AM$4:$AP$30,4,FALSE),0)+_xlfn.IFNA(VLOOKUP(C58,$AS$4:$AV$30,4,FALSE),0)+_xlfn.IFNA(VLOOKUP(C58,$AY$4:$BB$30,4,FALSE),0)+_xlfn.IFNA(VLOOKUP(C58,$BE$4:$BH$29,4,FALSE),0)+_xlfn.IFNA(VLOOKUP(C58,$BK$4:$BN$31,4,FALSE),0)+_xlfn.IFNA(VLOOKUP(C58,$BQ$4:$BT$32,4,FALSE),0)+_xlfn.IFNA(VLOOKUP(C58,$BW$4:$BZ$32,4,FALSE),0)+_xlfn.IFNA(VLOOKUP(C58,$CC$4:$CF$32,4,FALSE),0)+_xlfn.IFNA(VLOOKUP(C58,$CI$4:$CL$32,4,FALSE),0)+_xlfn.IFNA(VLOOKUP(C58,$CO$4:$CR$32,4,FALSE),0)+_xlfn.IFNA(VLOOKUP(C58,$CU$4:$CX$32,4,FALSE),0)+_xlfn.IFNA(VLOOKUP(C58,$DA$4:$DD$32,4,FALSE),0)+_xlfn.IFNA(VLOOKUP(C58,$DG$4:$DJ$32,4,FALSE),0)+_xlfn.IFNA(VLOOKUP(C58,$DM$4:$DP$32,4,FALSE),0)+_xlfn.IFNA(VLOOKUP(C58,$DS$4:$DV$32,4,FALSE),0) -> 259 | F58: Victor Campenaerts | G58: 170 | N58: 22 | O58: Julien Bernard | P58: 12
B59: 24 | C59: Tobias Johannessen | D59: =_xlfn.IFNA(VLOOKUP(C59,$I$4:$L$30,4,FALSE),0)+_xlfn.IFNA(VLOOKUP(C59,$C$4:$F$28,4,FALSE),0)+_xlfn.IFNA(VLOOKUP(C59,$U$4:$X$30,4,FALSE),0)+_xlfn.IFNA(VLOOKUP(C59,$O$4:$R$30,4,FALSE),0)+_xlfn.IFNA(VLOOKUP(C59,$AA$4:$AD$30,4,FALSE),0)+_xlfn.IFNA(VLOOKUP(C59,$AG$4:$AJ$30,4,FALSE),0)+_xlfn.IFNA(VLOOKUP(C59,$AM$4:$AP$30,4,FALSE),0)+_xlfn.IFNA(VLOOKUP(C59,$AS$4:$AV$30,4,FALSE),0)+_xlfn.IFNA(VLOOKUP(C59,$AY$4:$BB$30,4,FALSE),0)+_xlfn.IFNA(VLOOKUP(C59,$BE$4:$BH$29,4,FALSE),0)+_xlfn.IFNA(VLOOKUP(C59,$BK$4:$BN$31,4,FALSE),0)+_xlfn.IFNA(VLOOKUP(C59,$BQ$4:$BT$32,4,FALSE),0)+_xlfn.IFNA(VLOOKUP(C59,$BW$4:$BZ$32,4,FALSE),0)+_xlfn.IFNA(VLOOKUP(C59,$CC$4:$CF$32,4,FALSE),0)+_xlfn.IFNA(VLOOKUP(C59,$CI$4:$CL$32,4,FALSE),0)+_xlfn.IFNA(VLOOKUP(C59,$CO$4:$CR$32,4,FALSE),0)+_xlfn.IFNA(VLOOKUP(C59,$CU$4:$CX$32,4,FALSE),0)+_xlfn.IFNA(VLOOKUP(C59,$DA$4:$DD$32,4,FALSE),0)+_xlfn.IFNA(VLOOKUP(C59,$DG$4:$DJ$32,4,FALSE),0)+_xlfn.IFNA(VLOOKUP(C59,$DM$4:$DP$32,4,FALSE),0)+_xlfn.IFNA(VLOOKUP(C59,$DS$4:$DV$32,4,FALSE),0) -> 43 | F59: Adam Yates | G59: 162 | N59: 23 | O59: Javier Romo | P59: 9
B60: 25 | C60: Guillaume Martin | D60: =_xlfn.IFNA(VLOOKUP(C60,$I$4:$L$30,4,FALSE),0)+_xlfn.IFNA(VLOOKUP(C60,$C$4:$F$28,4,FALSE),0)+_xlfn.IFNA(VLOOKUP(C60,$U$4:$X$30,4,FALSE),0)+_xlfn.IFNA(VLOOKUP(C60,$O$4:$R$30,4,FALSE),0)+_xlfn.IFNA(VLOOKUP(C60,$AA$4:$AD$30,4,FALSE),0)+_xlfn.IFNA(VLOOKUP(C60,$AG$4:$AJ$30,4,FALSE),0)+_xlfn.IFNA(VLOOKUP(C60,$AM$4:$AP$30,4,FALSE),0)+_xlfn.IFNA(VLOOKUP(C60,$AS$4:$AV$30,4,FALSE),0)+_xlfn.IFNA(VLOOKUP(C60,$AY$4:$BB$30,4,FALSE),0)+_xlfn.IFNA(VLOOKUP(C60,$BE$4:$BH$29,4,FALSE),0)+_xlfn.IFNA(VLOOKUP(C60,$BK$4:$BN$31,4,FALSE),0)+_xlfn.IFNA(VLOOKUP(C60,$BQ$4:$BT$32,4,FALSE),0)+_xlfn.IFNA(VLOOKUP(C60,$BW$4:$BZ$32,4,FALSE),0)+_xlfn.IFNA(VLOOKUP(C60,$CC$4:$CF$32,4,FALSE),0)+_xlfn.IFNA(VLOOKUP(C60,$CI$4:$CL$32,4,FALSE),0)+_xlfn.IFNA(VLOOKUP(C60,$CO$4:$CR$32,4,FALSE),0)+_xlfn.IFNA(VLOOKUP(C60,$CU$4:$CX$32,4,FALSE),0)+_xlfn.IFNA(VLOOKUP(C60,$DA$4:$DD$32,4,FALSE),0)+_xlfn.IFNA(VLOOKUP(C60,$DG$4:$DJ$32,4,FALSE),0)+_xlfn.IFNA(VLOOKUP(C60,$DM$4:$DP$32,4,FALSE),0)+_xlfn.IFNA(VLOOKUP(C60,$DS$4:$DV$32,4,FALSE),0) -> 78 | F60: Giulio Ciccone | G60: 158 | N60: 24 | O60: Carlos Verona | P60: 6
B61: 26 | C61: Kevin Vauquelin | D61: =_xlfn.IFNA(VLOOKUP(C61,$I$4:$L$30,4,FALSE),0)+_xlfn.IFNA(VLOOKUP(C61,$C$4:$F$28,4,FALSE),0)+_xlfn.IFNA(VLOOKUP(C61,$U$4:$X$30,4,FALSE),0)+_xlfn.IFNA(VLOOKUP(C61,$O$4:$R$30,4,FALSE),0)+_xlfn.IFNA(VLOOKUP(C61,$AA$4:$AD$30,4,FALSE),0)+_xlfn.IFNA(VLOOKUP(C61,$AG$4:$AJ$30,4,FALSE),0)+_xlfn.IFNA(VLOOKUP(C61,$AM$4:$AP$30,4,FALSE),0)+_xlfn.IFNA(VLOOKUP(C61,$AS$4:$AV$30,4,FALSE),0)+_xlfn.IFNA(VLOOKUP(C61,$AY$4:$BB$30,4,FALSE),0)+_xlfn.IFNA(VLOOKUP(C61,$BE$4:$BH$29,4,FALSE),0)+_xlfn.IFNA(VLOOKUP(C61,$BK$4:$BN$31,4,FALSE),0)+_xlfn.IFNA(VLOOKUP(C61,$BQ$4:$BT$32,4,FALSE),0)+_xlfn.IFNA(VLOOKUP(C61,$BW$4:$BZ$32,4,FALSE),0)+_xlfn.IFNA(VLOOKUP(C61,$CC$4:$CF$32,4,FALSE),0)+_xlfn.IFNA(VLOOKUP(C61,$CI$4:$CL$32,4,FALSE),0)+_xlfn.IFNA(VLOOKUP(C61,$CO$4:$CR$32,4,FALSE),0)+_xlfn.IFNA(VLOOKUP(C61,$CU$4:$CX$32,4,FALSE),0)+_xlfn.IFNA(VLOOKUP(C61,$DA$4:$DD$32,4,FALSE),0)+_xlfn.IFNA(VLOOKUP(C61,$DG$4:$DJ$32,4,FALSE),0)+_xlfn.IFNA(VLOOKUP(C61,$DM$4:$DP$32,4,FALSE),0)+_xlfn.IFNA(VLOOKUP(C61,$DS$4:$DV$32,4,FALSE),0) -> 141 | F61: Santiago Buitrago | G61: 148 | N61: 25 | O61: Valentin Madouas | P61: 3
B62: 27 | C62: Jonas Abrahamsen | D62: =_xlfn.IFNA(VLOOKUP(C62,$I$4:$L$30,4,FALSE),0)+_xlfn.IFNA(VLOOKUP(C62,$C$4:$F$28,4,FALSE),0)+_xlfn.IFNA(VLOOKUP(C62,$U$4:$X$30,4,FALSE),0)+_xlfn.IFNA(VLOOKUP(C62,$O$4:$R$30,4,FALSE),0)+_xlfn.IFNA(VLOOKUP(C62,$AA$4:$AD$30,4,FALSE),0)+_xlfn.IFNA(VLOOKUP(C62,$AG$4:$AJ$30,4,FALSE),0)+_xlfn.IFNA(VLOOKUP(C62,$AM$4:$AP$30,4,FALSE),0)+_xlfn.IFNA(VLOOKUP(C62,$AS$4:$AV$30,4,FALSE),0)+_xlfn.IFNA(VLOOKUP(C62,$AY$4:$BB$30,4,FALSE),0)+_xlfn.IFNA(VLOOKUP(C62,$BE$4:$BH$29,4,FALSE),0)+_xlfn.IFNA(VLOOKUP(C62,$BK$4:$BN$31,4,FALSE),0)+_xlfn.IFNA(VLOOKUP(C62,$BQ$4:$BT$32,4,FALSE),0)+_xlfn.IFNA(VLOOKUP(C62,$BW$4:$BZ$32,4,FALSE),0)+_xlfn.IFNA(VLOOKUP(C62,$CC$4:$CF$32,4,FALSE),0)+_xlfn.IFNA(VLOOKUP(C62,$CI$4:$CL$32,4,FALSE),0)+_xlfn.IFNA(VLOOKUP(C62,$CO$4:$CR$32,4,FALSE),0)+_xlfn.IFNA(VLOOKUP(C62,$CU$4:$CX$32,4,FALSE),0)+_xlfn.IFNA(VLOOKUP(C62,$DA$4:$DD$32,4,FALSE),0)+_xlfn.IFNA(VLOOKUP(C62,$DG$4:$DJ$32,4,FALSE),0)+_xlfn.IFNA(VLOOKUP(C62,$DM$4:$DP$32,4,FALSE),0)+_xlfn.IFNA(VLOOKUP(C62,$DS$4:$DV$32,4,FALSE),0) -> 185 | F62: Enric Mas | G62: 146
B63: 28 | C63: Quentin Pacher | D63: =_xlfn.IFNA(VLOOKUP(C63,$I$4:$L$30,4,FALSE),0)+_xlfn.IFNA(VLOOKUP(C63,$C$4:$F$28,4,FALSE),0)+_xlfn.IFNA(VLOOKUP(C63,$U$4:$X$30,4,FALSE),0)+_xlfn.IFNA(VLOOKUP(C63,$O$4:$R$30,4,FALSE),0)+_xlfn.IFNA(VLOOKUP(C63,$AA$4:$AD$30,4,FALSE),0)+_xlfn.IFNA(VLOOKUP(C63,$AG$4:$AJ$30,4,FALSE),0)+_xlfn.IFNA(VLOOKUP(C63,$AM$4:$AP$30,4,FALSE),0)+_xlfn.IFNA(VLOOKUP(C63,$AS$4:$AV$30,4,FALSE),0)+_xlfn.IFNA(VLOOKUP(C63,$AY$4:$BB$30,4,FALSE),0)+_xlfn.IFNA(VLOOKUP(C63,$BE$4:$BH$29,4,FALSE),0)+_xlfn.IFNA(VLOOKUP(C63,$BK$4:$BN$31,4,FALSE),0)+_xlfn.IFNA(VLOOKUP(C63,$BQ$4:$BT$32,4,FALSE),0)+_xlfn.IFNA(VLOOKUP(C63,$BW$4:$BZ$32,4,FALSE),0)+_xlfn.IFNA(VLOOKUP(C63,$CC$4:$CF$32,4,FALSE),0)+_xlfn.IFNA(VLOOKUP(C63,$CI$4:$CL$32,4,FALSE),0)+_xlfn.IFNA(VLOOKUP(C63,$CO$4:$CR$32,4,FALSE),0)+_xlfn.IFNA(VLOOKUP(C63,$CU$4:$CX$32,4,FALSE),0)+_xlfn.IFNA(VLOOKUP(C63,$DA$4:$DD$32,4,FALSE),0)+_xlfn.IFNA(VLOOKUP(C63,$DG$4:$DJ$32,4,FALSE),0)+_xlfn.IFNA(VLOOKUP(C63,$DM$4:$DP$32,4,FALSE),0)+_xlfn.IFNA(VLOOKUP(C63,$DS$4:$DV$32,4,FALSE),0) -> 101 | F63: Kevin Vauquelin | G63: 141 | N63: Bergtrui
B64: 29 | C64: Cristian Rodriguez | D64: =_xlfn.IFNA(VLOOKUP(C64,$I$4:$L$30,4,FALSE),0)+_xlfn.IFNA(VLOOKUP(C64,$C$4:$F$28,4,FALSE),0)+_xlfn.IFNA(VLOOKUP(C64,$U$4:$X$30,4,FALSE),0)+_xlfn.IFNA(VLOOKUP(C64,$O$4:$R$30,4,FALSE),0)+_xlfn.IFNA(VLOOKUP(C64,$AA$4:$AD$30,4,FALSE),0)+_xlfn.IFNA(VLOOKUP(C64,$AG$4:$AJ$30,4,FALSE),0)+_xlfn.IFNA(VLOOKUP(C64,$AM$4:$AP$30,4,FALSE),0)+_xlfn.IFNA(VLOOKUP(C64,$AS$4:$AV$30,4,FALSE),0)+_xlfn.IFNA(VLOOKUP(C64,$AY$4:$BB$30,4,FALSE),0)+_xlfn.IFNA(VLOOKUP(C64,$BE$4:$BH$29,4,FALSE),0)+_xlfn.IFNA(VLOOKUP(C64,$BK$4:$BN$31,4,FALSE),0)+_xlfn.IFNA(VLOOKUP(C64,$BQ$4:$BT$32,4,FALSE),0)+_xlfn.IFNA(VLOOKUP(C64,$BW$4:$BZ$32,4,FALSE),0)+_xlfn.IFNA(VLOOKUP(C64,$CC$4:$CF$32,4,FALSE),0)+_xlfn.IFNA(VLOOKUP(C64,$CI$4:$CL$32,4,FALSE),0)+_xlfn.IFNA(VLOOKUP(C64,$CO$4:$CR$32,4,FALSE),0)+_xlfn.IFNA(VLOOKUP(C64,$CU$4:$CX$32,4,FALSE),0)+_xlfn.IFNA(VLOOKUP(C64,$DA$4:$DD$32,4,FALSE),0)+_xlfn.IFNA(VLOOKUP(C64,$DG$4:$DJ$32,4,FALSE),0)+_xlfn.IFNA(VLOOKUP(C64,$DM$4:$DP$32,4,FALSE),0)+_xlfn.IFNA(VLOOKUP(C64,$DS$4:$DV$32,4,FALSE),0) -> 59 | F64: Alex Aranburu | G64: 139 | N64: Positie | O64: Naam | P64: Punten
B65: 30 | C65: Harold Tejada | D65: =_xlfn.IFNA(VLOOKUP(C65,$I$4:$L$30,4,FALSE),0)+_xlfn.IFNA(VLOOKUP(C65,$C$4:$F$28,4,FALSE),0)+_xlfn.IFNA(VLOOKUP(C65,$U$4:$X$30,4,FALSE),0)+_xlfn.IFNA(VLOOKUP(C65,$O$4:$R$30,4,FALSE),0)+_xlfn.IFNA(VLOOKUP(C65,$AA$4:$AD$30,4,FALSE),0)+_xlfn.IFNA(VLOOKUP(C65,$AG$4:$AJ$30,4,FALSE),0)+_xlfn.IFNA(VLOOKUP(C65,$AM$4:$AP$30,4,FALSE),0)+_xlfn.IFNA(VLOOKUP(C65,$AS$4:$AV$30,4,FALSE),0)+_xlfn.IFNA(VLOOKUP(C65,$AY$4:$BB$30,4,FALSE),0)+_xlfn.IFNA(VLOOKUP(C65,$BE$4:$BH$29,4,FALSE),0)+_xlfn.IFNA(VLOOKUP(C65,$BK$4:$BN$31,4,FALSE),0)+_xlfn.IFNA(VLOOKUP(C65,$BQ$4:$BT$32,4,FALSE),0)+_xlfn.IFNA(VLOOKUP(C65,$BW$4:$BZ$32,4,FALSE),0)+_xlfn.IFNA(VLOOKUP(C65,$CC$4:$CF$32,4,FALSE),0)+_xlfn.IFNA(VLOOKUP(C65,$CI$4:$CL$32,4,FALSE),0)+_xlfn.IFNA(VLOOKUP(C65,$CO$4:$CR$32,4,FALSE),0)+_xlfn.IFNA(VLOOKUP(C65,$CU$4:$CX$32,4,FALSE),0)+_xlfn.IFNA(VLOOKUP(C65,$DA$4:$DD$32,4,FALSE),0)+_xlfn.IFNA(VLOOKUP(C65,$DG$4:$DJ$32,4,FALSE),0)+_xlfn.IFNA(VLOOKUP(C65,$DM$4:$DP$32,4,FALSE),0)+_xlfn.IFNA(VLOOKUP(C65,$DS$4:$DV$32,4,FALSE),0) -> 74 | F65: Bryan Coquard | G65: 138 | N65: 1 | O65: Richard Carapaz | P65: 100
B66: 31 | C66: Nelson Oliveira | D66: =_xlfn.IFNA(VLOOKUP(C66,$I$4:$L$30,4,FALSE),0)+_xlfn.IFNA(VLOOKUP(C66,$C$4:$F$28,4,FALSE),0)+_xlfn.IFNA(VLOOKUP(C66,$U$4:$X$30,4,FALSE),0)+_xlfn.IFNA(VLOOKUP(C66,$O$4:$R$30,4,FALSE),0)+_xlfn.IFNA(VLOOKUP(C66,$AA$4:$AD$30,4,FALSE),0)+_xlfn.IFNA(VLOOKUP(C66,$AG$4:$AJ$30,4,FALSE),0)+_xlfn.IFNA(VLOOKUP(C66,$AM$4:$AP$30,4,FALSE),0)+_xlfn.IFNA(VLOOKUP(C66,$AS$4:$AV$30,4,FALSE),0)+_xlfn.IFNA(VLOOKUP(C66,$AY$4:$BB$30,4,FALSE),0)+_xlfn.IFNA(VLOOKUP(C66,$BE$4:$BH$29,4,FALSE),0)+_xlfn.IFNA(VLOOKUP(C66,$BK$4:$BN$31,4,FALSE),0)+_xlfn.IFNA(VLOOKUP(C66,$BQ$4:$BT$32,4,FALSE),0)+_xlfn.IFNA(VLOOKUP(C66,$BW$4:$BZ$32,4,FALSE),0)+_xlfn.IFNA(VLOOKUP(C66,$CC$4:$CF$32,4,FALSE),0)+_xlfn.IFNA(VLOOKUP(C66,$CI$4:$CL$32,4,FALSE),0)+_xlfn.IFNA(VLOOKUP(C66,$CO$4:$CR$32,4,FALSE),0)+_xlfn.IFNA(VLOOKUP(C66,$CU$4:$CX$32,4,FALSE),0)+_xlfn.IFNA(VLOOKUP(C66,$DA$4:$DD$32,4,FALSE),0)+_xlfn.IFNA(VLOOKUP(C66,$DG$4:$DJ$32,4,FALSE),0)+_xlfn.IFNA(VLOOKUP(C66,$DM$4:$DP$32,4,FALSE),0)+_xlfn.IFNA(VLOOKUP(C66,$DS$4:$DV$32,4,FALSE),0) -> 45 | F66: Romain Bardet | G66: 137 | N66: 2 | O66: Tadej Pogacar | P66: 75
B67: 32 | C67: Axel Laurance | D67: =_xlfn.IFNA(VLOOKUP(C67,$I$4:$L$30,4,FALSE),0)+_xlfn.IFNA(VLOOKUP(C67,$C$4:$F$28,4,FALSE),0)+_xlfn.IFNA(VLOOKUP(C67,$U$4:$X$30,4,FALSE),0)+_xlfn.IFNA(VLOOKUP(C67,$O$4:$R$30,4,FALSE),0)+_xlfn.IFNA(VLOOKUP(C67,$AA$4:$AD$30,4,FALSE),0)+_xlfn.IFNA(VLOOKUP(C67,$AG$4:$AJ$30,4,FALSE),0)+_xlfn.IFNA(VLOOKUP(C67,$AM$4:$AP$30,4,FALSE),0)+_xlfn.IFNA(VLOOKUP(C67,$AS$4:$AV$30,4,FALSE),0)+_xlfn.IFNA(VLOOKUP(C67,$AY$4:$BB$30,4,FALSE),0)+_xlfn.IFNA(VLOOKUP(C67,$BE$4:$BH$29,4,FALSE),0)+_xlfn.IFNA(VLOOKUP(C67,$BK$4:$BN$31,4,FALSE),0)+_xlfn.IFNA(VLOOKUP(C67,$BQ$4:$BT$32,4,FALSE),0)+_xlfn.IFNA(VLOOKUP(C67,$BW$4:$BZ$32,4,FALSE),0)+_xlfn.IFNA(VLOOKUP(C67,$CC$4:$CF$32,4,FALSE),0)+_xlfn.IFNA(VLOOKUP(C67,$CI$4:$CL$32,4,FALSE),0)+_xlfn.IFNA(VLOOKUP(C67,$CO$4:$CR$32,4,FALSE),0)+_xlfn.IFNA(VLOOKUP(C67,$CU$4:$CX$32,4,FALSE),0)+_xlfn.IFNA(VLOOKUP(C67,$DA$4:$DD$32,4,FALSE),0)+_xlfn.IFNA(VLOOKUP(C67,$DG$4:$DJ$32,4,FALSE),0)+_xlfn.IFNA(VLOOKUP(C67,$DM$4:$DP$32,4,FALSE),0)+_xlfn.IFNA(VLOOKUP(C67,$DS$4:$DV$32,4,FALSE),0) -> 43 | F67: Sam Bennett | G67: 137 | N67: 3 | O67: Jonas Vingegaard | P67: 50
B68: 33 | C68: Mike Teunissen | D68: =_xlfn.IFNA(VLOOKUP(C68,$I$4:$L$30,4,FALSE),0)+_xlfn.IFNA(VLOOKUP(C68,$C$4:$F$28,4,FALSE),0)+_xlfn.IFNA(VLOOKUP(C68,$U$4:$X$30,4,FALSE),0)+_xlfn.IFNA(VLOOKUP(C68,$O$4:$R$30,4,FALSE),0)+_xlfn.IFNA(VLOOKUP(C68,$AA$4:$AD$30,4,FALSE),0)+_xlfn.IFNA(VLOOKUP(C68,$AG$4:$AJ$30,4,FALSE),0)+_xlfn.IFNA(VLOOKUP(C68,$AM$4:$AP$30,4,FALSE),0)+_xlfn.IFNA(VLOOKUP(C68,$AS$4:$AV$30,4,FALSE),0)+_xlfn.IFNA(VLOOKUP(C68,$AY$4:$BB$30,4,FALSE),0)+_xlfn.IFNA(VLOOKUP(C68,$BE$4:$BH$29,4,FALSE),0)+_xlfn.IFNA(VLOOKUP(C68,$BK$4:$BN$31,4,FALSE),0)+_xlfn.IFNA(VLOOKUP(C68,$BQ$4:$BT$32,4,FALSE),0)+_xlfn.IFNA(VLOOKUP(C68,$BW$4:$BZ$32,4,FALSE),0)+_xlfn.IFNA(VLOOKUP(C68,$CC$4:$CF$32,4,FALSE),0)+_xlfn.IFNA(VLOOKUP(C68,$CI$4:$CL$32,4,FALSE),0)+_xlfn.IFNA(VLOOKUP(C68,$CO$4:$CR$32,4,FALSE),0)+_xlfn.IFNA(VLOOKUP(C68,$CU$4:$CX$32,4,FALSE),0)+_xlfn.IFNA(VLOOKUP(C68,$DA$4:$DD$32,4,FALSE),0)+_xlfn.IFNA(VLOOKUP(C68,$DG$4:$DJ$32,4,FALSE),0)+_xlfn.IFNA(VLOOKUP(C68,$DM$4:$DP$32,4,FALSE),0)+_xlfn.IFNA(VLOOKUP(C68,$DS$4:$DV$32,4,FALSE),0) -> 66 | F68: Mark Cavendish | G68: 124 | N68: 4 | O68: Matteo Jorgenson | P68: 40
B69: 34 | C69: Hugo Houle | D69: =_xlfn.IFNA(VLOOKUP(C69,$I$4:$L$30,4,FALSE),0)+_xlfn.IFNA(VLOOKUP(C69,$C$4:$F$28,4,FALSE),0)+_xlfn.IFNA(VLOOKUP(C69,$U$4:$X$30,4,FALSE),0)+_xlfn.IFNA(VLOOKUP(C69,$O$4:$R$30,4,FALSE),0)+_xlfn.IFNA(VLOOKUP(C69,$AA$4:$AD$30,4,FALSE),0)+_xlfn.IFNA(VLOOKUP(C69,$AG$4:$AJ$30,4,FALSE),0)+_xlfn.IFNA(VLOOKUP(C69,$AM$4:$AP$30,4,FALSE),0)+_xlfn.IFNA(VLOOKUP(C69,$AS$4:$AV$30,4,FALSE),0)+_xlfn.IFNA(VLOOKUP(C69,$AY$4:$BB$30,4,FALSE),0)+_xlfn.IFNA(VLOOKUP(C69,$BE$4:$BH$29,4,FALSE),0)+_xlfn.IFNA(VLOOKUP(C69,$BK$4:$BN$31,4,FALSE),0)+_xlfn.IFNA(VLOOKUP(C69,$BQ$4:$BT$32,4,FALSE),0)+_xlfn.IFNA(VLOOKUP(C69,$BW$4:$BZ$32,4,FALSE),0)+_xlfn.IFNA(VLOOKUP(C69,$CC$4:$CF$32,4,FALSE),0)+_xlfn.IFNA(VLOOKUP(C69,$CI$4:$CL$32,4,FALSE),0)+_xlfn.IFNA(VLOOKUP(C69,$CO$4:$CR$32,4,FALSE),0)+_xlfn.IFNA(VLOOKUP(C69,$CU$4:$CX$32,4,FALSE),0)+_xlfn.IFNA(VLOOKUP(C69,$DA$4:$DD$32,4,FALSE),0)+_xlfn.IFNA(VLOOKUP(C69,$DG$4:$DJ$32,4,FALSE),0)+_xlfn.IFNA(VLOOKUP(C69,$DM$4:$DP$32,4,FALSE),0)+_xlfn.IFNA(VLOOKUP(C69,$DS$4:$DV$32,4,FALSE),0) -> 27 | F69: Marijn Van Den Berg | G69: 108 | N69: 5 | O69: Remco Evenepoel | P69: 30
B70: 35 | C70: Richard Carapaz | D70: =_xlfn.IFNA(VLOOKUP(C70,$I$4:$L$30,4,FALSE),0)+_xlfn.IFNA(VLOOKUP(C70,$C$4:$F$28,4,FALSE),0)+_xlfn.IFNA(VLOOKUP(C70,$U$4:$X$30,4,FALSE),0)+_xlfn.IFNA(VLOOKUP(C70,$O$4:$R$30,4,FALSE),0)+_xlfn.IFNA(VLOOKUP(C70,$AA$4:$AD$30,4,FALSE),0)+_xlfn.IFNA(VLOOKUP(C70,$AG$4:$AJ$30,4,FALSE),0)+_xlfn.IFNA(VLOOKUP(C70,$AM$4:$AP$30,4,FALSE),0)+_xlfn.IFNA(VLOOKUP(C70,$AS$4:$AV$30,4,FALSE),0)+_xlfn.IFNA(VLOOKUP(C70,$AY$4:$BB$30,4,FALSE),0)+_xlfn.IFNA(VLOOKUP(C70,$BE$4:$BH$29,4,FALSE),0)+_xlfn.IFNA(VLOOKUP(C70,$BK$4:$BN$31,4,FALSE),0)+_xlfn.IFNA(VLOOKUP(C70,$BQ$4:$BT$32,4,FALSE),0)+_xlfn.IFNA(VLOOKUP(C70,$BW$4:$BZ$32,4,FALSE),0)+_xlfn.IFNA(VLOOKUP(C70,$CC$4:$CF$32,4,FALSE),0)+_xlfn.IFNA(VLOOKUP(C70,$CI$4:$CL$32,4,FALSE),0)+_xlfn.IFNA(VLOOKUP(C70,$CO$4:$CR$32,4,FALSE),0)+_xlfn.IFNA(VLOOKUP(C70,$CU$4:$CX$32,4,FALSE),0)+_xlfn.IFNA(VLOOKUP(C70,$DA$4:$DD$32,4,FALSE),0)+_xlfn.IFNA(VLOOKUP(C70,$DG$4:$DJ$32,4,FALSE),0)+_xlfn.IFNA(VLOOKUP(C70,$DM$4:$DP$32,4,FALSE),0)+_xlfn.IFNA(VLOOKUP(C70,$DS$4:$DV$32,4,FALSE),0) -> 321 | F70: Frank Van Den Broek | G70: 105 | N70: 6 | O70: Wilco Kelderman | P70: 25
B71: 36 | C71: Jordan Jegat | D71: =_xlfn.IFNA(VLOOKUP(C71,$I$4:$L$30,4,FALSE),0)+_xlfn.IFNA(VLOOKUP(C71,$C$4:$F$28,4,FALSE),0)+_xlfn.IFNA(VLOOKUP(C71,$U$4:$X$30,4,FALSE),0)+_xlfn.IFNA(VLOOKUP(C71,$O$4:$R$30,4,FALSE),0)+_xlfn.IFNA(VLOOKUP(C71,$AA$4:$AD$30,4,FALSE),0)+_xlfn.IFNA(VLOOKUP(C71,$AG$4:$AJ$30,4,FALSE),0)+_xlfn.IFNA(VLOOKUP(C71,$AM$4:$AP$30,4,FALSE),0)+_xlfn.IFNA(VLOOKUP(C71,$AS$4:$AV$30,4,FALSE),0)+_xlfn.IFNA(VLOOKUP(C71,$AY$4:$BB$30,4,FALSE),0)+_xlfn.IFNA(VLOOKUP(C71,$BE$4:$BH$29,4,FALSE),0)+_xlfn.IFNA(VLOOKUP(C71,$BK$4:$BN$31,4,FALSE),0)+_xlfn.IFNA(VLOOKUP(C71,$BQ$4:$BT$32,4,FALSE),0)+_xlfn.IFNA(VLOOKUP(C71,$BW$4:$BZ$32,4,FALSE),0)+_xlfn.IFNA(VLOOKUP(C71,$CC$4:$CF$32,4,FALSE),0)+_xlfn.IFNA(VLOOKUP(C71,$CI$4:$CL$32,4,FALSE),0)+_xlfn.IFNA(VLOOKUP(C71,$CO$4:$CR$32,4,FALSE),0)+_xlfn.IFNA(VLOOKUP(C71,$CU$4:$CX$32,4,FALSE),0)+_xlfn.IFNA(VLOOKUP(C71,$DA$4:$DD$32,4,FALSE),0)+_xlfn.IFNA(VLOOKUP(C71,$DG$4:$DJ$32,4,FALSE),0)+_xlfn.IFNA(VLOOKUP(C71,$DM$4:$DP$32,4,FALSE),0)+_xlfn.IFNA(VLOOKUP(C71,$DS$4:$DV$32,4,FALSE),0) -> 43 | F71: Quentin Pacher | G71: 101 | N71: 7 | O71: Oier Lazkano | P71: 20
B72: 37 | C72: Giulio Ciccone | D72: =_xlfn.IFNA(VLOOKUP(C72,$I$4:$L$30,4,FALSE),0)+_xlfn.IFNA(VLOOKUP(C72,$C$4:$F$28,4,FALSE),0)+_xlfn.IFNA(VLOOKUP(C72,$U$4:$X$30,4,FALSE),0)+_xlfn.IFNA(VLOOKUP(C72,$O$4:$R$30,4,FALSE),0)+_xlfn.IFNA(VLOOKUP(C72,$AA$4:$AD$30,4,FALSE),0)+_xlfn.IFNA(VLOOKUP(C72,$AG$4:$AJ$30,4,FALSE),0)+_xlfn.IFNA(VLOOKUP(C72,$AM$4:$AP$30,4,FALSE),0)+_xlfn.IFNA(VLOOKUP(C72,$AS$4:$AV$30,4,FALSE),0)+_xlfn.IFNA(VLOOKUP(C72,$AY$4:$BB$30,4,FALSE),0)+_xlfn.IFNA(VLOOKUP(C72,$BE$4:$BH$29,4,FALSE),0)+_xlfn.IFNA(VLOOKUP(C72,$BK$4:$BN$31,4,FALSE),0)+_xlfn.IFNA(VLOOKUP(C72,$BQ$4:$BT$32,4,FALSE),0)+_xlfn.IFNA(VLOOKUP(C72,$BW$4:$BZ$32,4,FALSE),0)+_xlfn.IFNA(VLOOKUP(C72,$CC$4:$CF$32,4,FALSE),0)+_xlfn.IFNA(VLOOKUP(C72,$CI$4:$CL$32,4,FALSE),0)+_xlfn.IFNA(VLOOKUP(C72,$CO$4:$CR$32,4,FALSE),0)+_xlfn.IFNA(VLOOKUP(C72,$CU$4:$CX$32,4,FALSE),0)+_xlfn.IFNA(VLOOKUP(C72,$DA$4:$DD$32,4,FALSE),0)+_xlfn.IFNA(VLOOKUP(C72,$DG$4:$DJ$32,4,FALSE),0)+_xlfn.IFNA(VLOOKUP(C72,$DM$4:$DP$32,4,FALSE),0)+_xlfn.IFNA(VLOOKUP(C72,$DS$4:$DV$32,4,FALSE),0) -> 158 | F72: Mads Pedersen | G72: 96 | N72: 8 | O72: Jonas Abrahamsen | P72: 15
B73: 38 | C73: Romain Gregoire | D73: =_xlfn.IFNA(VLOOKUP(C73,$I$4:$L$30,4,FALSE),0)+_xlfn.IFNA(VLOOKUP(C73,$C$4:$F$28,4,FALSE),0)+_xlfn.IFNA(VLOOKUP(C73,$U$4:$X$30,4,FALSE),0)+_xlfn.IFNA(VLOOKUP(C73,$O$4:$R$30,4,FALSE),0)+_xlfn.IFNA(VLOOKUP(C73,$AA$4:$AD$30,4,FALSE),0)+_xlfn.IFNA(VLOOKUP(C73,$AG$4:$AJ$30,4,FALSE),0)+_xlfn.IFNA(VLOOKUP(C73,$AM$4:$AP$30,4,FALSE),0)+_xlfn.IFNA(VLOOKUP(C73,$AS$4:$AV$30,4,FALSE),0)+_xlfn.IFNA(VLOOKUP(C73,$AY$4:$BB$30,4,FALSE),0)+_xlfn.IFNA(VLOOKUP(C73,$BE$4:$BH$29,4,FALSE),0)+_xlfn.IFNA(VLOOKUP(C73,$BK$4:$BN$31,4,FALSE),0)+_xlfn.IFNA(VLOOKUP(C73,$BQ$4:$BT$32,4,FALSE),0)+_xlfn.IFNA(VLOOKUP(C73,$BW$4:$BZ$32,4,FALSE),0)+_xlfn.IFNA(VLOOKUP(C73,$CC$4:$CF$32,4,FALSE),0)+_xlfn.IFNA(VLOOKUP(C73,$CI$4:$CL$32,4,FALSE),0)+_xlfn.IFNA(VLOOKUP(C73,$CO$4:$CR$32,4,FALSE),0)+_xlfn.IFNA(VLOOKUP(C73,$CU$4:$CX$32,4,FALSE),0)+_xlfn.IFNA(VLOOKUP(C73,$DA$4:$DD$32,4,FALSE),0)+_xlfn.IFNA(VLOOKUP(C73,$DG$4:$DJ$32,4,FALSE),0)+_xlfn.IFNA(VLOOKUP(C73,$DM$4:$DP$32,4,FALSE),0)+_xlfn.IFNA(VLOOKUP(C73,$DS$4:$DV$32,4,FALSE),0) -> 28 | F73: Tom Pidcock | G73: 95 | N73: 9 | O73: Enric Mas | P73: 10
B74: 39 | C74: Felix Gall | D74: =_xlfn.IFNA(VLOOKUP(C74,$I$4:$L$30,4,FALSE),0)+_xlfn.IFNA(VLOOKUP(C74,$C$4:$F$28,4,FALSE),0)+_xlfn.IFNA(VLOOKUP(C74,$U$4:$X$30,4,FALSE),0)+_xlfn.IFNA(VLOOKUP(C74,$O$4:$R$30,4,FALSE),0)+_xlfn.IFNA(VLOOKUP(C74,$AA$4:$AD$30,4,FALSE),0)+_xlfn.IFNA(VLOOKUP(C74,$AG$4:$AJ$30,4,FALSE),0)+_xlfn.IFNA(VLOOKUP(C74,$AM$4:$AP$30,4,FALSE),0)+_xlfn.IFNA(VLOOKUP(C74,$AS$4:$AV$30,4,FALSE),0)+_xlfn.IFNA(VLOOKUP(C74,$AY$4:$BB$30,4,FALSE),0)+_xlfn.IFNA(VLOOKUP(C74,$BE$4:$BH$29,4,FALSE),0)+_xlfn.IFNA(VLOOKUP(C74,$BK$4:$BN$31,4,FALSE),0)+_xlfn.IFNA(VLOOKUP(C74,$BQ$4:$BT$32,4,FALSE),0)+_xlfn.IFNA(VLOOKUP(C74,$BW$4:$BZ$32,4,FALSE),0)+_xlfn.IFNA(VLOOKUP(C74,$CC$4:$CF$32,4,FALSE),0)+_xlfn.IFNA(VLOOKUP(C74,$CI$4:$CL$32,4,FALSE),0)+_xlfn.IFNA(VLOOKUP(C74,$CO$4:$CR$32,4,FALSE),0)+_xlfn.IFNA(VLOOKUP(C74,$CU$4:$CX$32,4,FALSE),0)+_xlfn.IFNA(VLOOKUP(C74,$DA$4:$DD$32,4,FALSE),0)+_xlfn.IFNA(VLOOKUP(C74,$DG$4:$DJ$32,4,FALSE),0)+_xlfn.IFNA(VLOOKUP(C74,$DM$4:$DP$32,4,FALSE),0)+_xlfn.IFNA(VLOOKUP(C74,$DS$4:$DV$32,4,FALSE),0) -> 87 | F74: Juan Ayuso | G74: 92 | N74: 10 | O74: David Gaudu | P74: 5
B75: 40 | C75: Carlos Rodriguez | D75: =_xlfn.IFNA(VLOOKUP(C75,$I$4:$L$30,4,FALSE),0)+_xlfn.IFNA(VLOOKUP(C75,$C$4:$F$28,4,FALSE),0)+_xlfn.IFNA(VLOOKUP(C75,$U$4:$X$30,4,FALSE),0)+_xlfn.IFNA(VLOOKUP(C75,$O$4:$R$30,4,FALSE),0)+_xlfn.IFNA(VLOOKUP(C75,$AA$4:$AD$30,4,FALSE),0)+_xlfn.IFNA(VLOOKUP(C75,$AG$4:$AJ$30,4,FALSE),0)+_xlfn.IFNA(VLOOKUP(C75,$AM$4:$AP$30,4,FALSE),0)+_xlfn.IFNA(VLOOKUP(C75,$AS$4:$AV$30,4,FALSE),0)+_xlfn.IFNA(VLOOKUP(C75,$AY$4:$BB$30,4,FALSE),0)+_xlfn.IFNA(VLOOKUP(C75,$BE$4:$BH$29,4,FALSE),0)+_xlfn.IFNA(VLOOKUP(C75,$BK$4:$BN$31,4,FALSE),0)+_xlfn.IFNA(VLOOKUP(C75,$BQ$4:$BT$32,4,FALSE),0)+_xlfn.IFNA(VLOOKUP(C75,$BW$4:$BZ$32,4,FALSE),0)+_xlfn.IFNA(VLOOKUP(C75,$CC$4:$CF$32,4,FALSE),0)+_xlfn.IFNA(VLOOKUP(C75,$CI$4:$CL$32,4,FALSE),0)+_xlfn.IFNA(VLOOKUP(C75,$CO$4:$CR$32,4,FALSE),0)+_xlfn.IFNA(VLOOKUP(C75,$CU$4:$CX$32,4,FALSE),0)+_xlfn.IFNA(VLOOKUP(C75,$DA$4:$DD$32,4,FALSE),0)+_xlfn.IFNA(VLOOKUP(C75,$DG$4:$DJ$32,4,FALSE),0)+_xlfn.IFNA(VLOOKUP(C75,$DM$4:$DP$32,4,FALSE),0)+_xlfn.IFNA(VLOOKUP(C75,$DS$4:$DV$32,4,FALSE),0) -> 191 | F75: Ryan Gibbons | G75: 91
B76: 41 | C76: Enric Mas | D76: =_xlfn.IFNA(VLOOKUP(C76,$I$4:$L$30,4,FALSE),0)+_xlfn.IFNA(VLOOKUP(C76,$C$4:$F$28,4,FALSE),0)+_xlfn.IFNA(VLOOKUP(C76,$U$4:$X$30,4,FALSE),0)+_xlfn.IFNA(VLOOKUP(C76,$O$4:$R$30,4,FALSE),0)+_xlfn.IFNA(VLOOKUP(C76,$AA$4:$AD$30,4,FALSE),0)+_xlfn.IFNA(VLOOKUP(C76,$AG$4:$AJ$30,4,FALSE),0)+_xlfn.IFNA(VLOOKUP(C76,$AM$4:$AP$30,4,FALSE),0)+_xlfn.IFNA(VLOOKUP(C76,$AS$4:$AV$30,4,FALSE),0)+_xlfn.IFNA(VLOOKUP(C76,$AY$4:$BB$30,4,FALSE),0)+_xlfn.IFNA(VLOOKUP(C76,$BE$4:$BH$29,4,FALSE),0)+_xlfn.IFNA(VLOOKUP(C76,$BK$4:$BN$31,4,FALSE),0)+_xlfn.IFNA(VLOOKUP(C76,$BQ$4:$BT$32,4,FALSE),0)+_xlfn.IFNA(VLOOKUP(C76,$BW$4:$BZ$32,4,FALSE),0)+_xlfn.IFNA(VLOOKUP(C76,$CC$4:$CF$32,4,FALSE),0)+_xlfn.IFNA(VLOOKUP(C76,$CI$4:$CL$32,4,FALSE),0)+_xlfn.IFNA(VLOOKUP(C76,$CO$4:$CR$32,4,FALSE),0)+_xlfn.IFNA(VLOOKUP(C76,$CU$4:$CX$32,4,FALSE),0)+_xlfn.IFNA(VLOOKUP(C76,$DA$4:$DD$32,4,FALSE),0)+_xlfn.IFNA(VLOOKUP(C76,$DG$4:$DJ$32,4,FALSE),0)+_xlfn.IFNA(VLOOKUP(C76,$DM$4:$DP$32,4,FALSE),0)+_xlfn.IFNA(VLOOKUP(C76,$DS$4:$DV$32,4,FALSE),0) -> 146 | F76: Ben Healy | G76: 91 | N76: Puntentrui
B77: 42 | C77: Juan Ayuso | D77: =_xlfn.IFNA(VLOOKUP(C77,$I$4:$L$30,4,FALSE),0)+_xlfn.IFNA(VLOOKUP(C77,$C$4:$F$28,4,FALSE),0)+_xlfn.IFNA(VLOOKUP(C77,$U$4:$X$30,4,FALSE),0)+_xlfn.IFNA(VLOOKUP(C77,$O$4:$R$30,4,FALSE),0)+_xlfn.IFNA(VLOOKUP(C77,$AA$4:$AD$30,4,FALSE),0)+_xlfn.IFNA(VLOOKUP(C77,$AG$4:$AJ$30,4,FALSE),0)+_xlfn.IFNA(VLOOKUP(C77,$AM$4:$AP$30,4,FALSE),0)+_xlfn.IFNA(VLOOKUP(C77,$AS$4:$AV$30,4,FALSE),0)+_xlfn.IFNA(VLOOKUP(C77,$AY$4:$BB$30,4,FALSE),0)+_xlfn.IFNA(VLOOKUP(C77,$BE$4:$BH$29,4,FALSE),0)+_xlfn.IFNA(VLOOKUP(C77,$BK$4:$BN$31,4,FALSE),0)+_xlfn.IFNA(VLOOKUP(C77,$BQ$4:$BT$32,4,FALSE),0)+_xlfn.IFNA(VLOOKUP(C77,$BW$4:$BZ$32,4,FALSE),0)+_xlfn.IFNA(VLOOKUP(C77,$CC$4:$CF$32,4,FALSE),0)+_xlfn.IFNA(VLOOKUP(C77,$CI$4:$CL$32,4,FALSE),0)+_xlfn.IFNA(VLOOKUP(C77,$CO$4:$CR$32,4,FALSE),0)+_xlfn.IFNA(VLOOKUP(C77,$CU$4:$CX$32,4,FALSE),0)+_xlfn.IFNA(VLOOKUP(C77,$DA$4:$DD$32,4,FALSE),0)+_xlfn.IFNA(VLOOKUP(C77,$DG$4:$DJ$32,4,FALSE),0)+_xlfn.IFNA(VLOOKUP(C77,$DM$4:$DP$32,4,FALSE),0)+_xlfn.IFNA(VLOOKUP(C77,$DS$4:$DV$32,4,FALSE),0) -> 92 | F77: Felix Gall | G77: 87 | N77: Positie | O77: Naam | P77: Punten
B78: 43 | C78: 0 | D78: =_xlfn.IFNA(VLOOKUP(C78,$I$4:$L$30,4,FALSE),0)+_xlfn.IFNA(VLOOKUP(C78,$C$4:$F$28,4,FALSE),0)+_xlfn.IFNA(VLOOKUP(C78,$U$4:$X$30,4,FALSE),0)+_xlfn.IFNA(VLOOKUP(C78,$O$4:$R$30,4,FALSE),0)+_xlfn.IFNA(VLOOKUP(C78,$AA$4:$AD$30,4,FALSE),0)+_xlfn.IFNA(VLOOKUP(C78,$AG$4:$AJ$30,4,FALSE),0)+_xlfn.IFNA(VLOOKUP(C78,$AM$4:$AP$30,4,FALSE),0)+_xlfn.IFNA(VLOOKUP(C78,$AS$4:$AV$30,4,FALSE),0)+_xlfn.IFNA(VLOOKUP(C78,$AY$4:$BB$30,4,FALSE),0)+_xlfn.IFNA(VLOOKUP(C78,$BE$4:$BH$29,4,FALSE),0)+_xlfn.IFNA(VLOOKUP(C78,$BK$4:$BN$31,4,FALSE),0)+_xlfn.IFNA(VLOOKUP(C78,$BQ$4:$BT$32,4,FALSE),0)+_xlfn.IFNA(VLOOKUP(C78,$BW$4:$BZ$32,4,FALSE),0)+_xlfn.IFNA(VLOOKUP(C78,$CC$4:$CF$32,4,FALSE),0)+_xlfn.IFNA(VLOOKUP(C78,$CI$4:$CL$32,4,FALSE),0)+_xlfn.IFNA(VLOOKUP(C78,$CO$4:$CR$32,4,FALSE),0)+_xlfn.IFNA(VLOOKUP(C78,$CU$4:$CX$32,4,FALSE),0)+_xlfn.IFNA(VLOOKUP(C78,$DA$4:$DD$32,4,FALSE),0)+_xlfn.IFNA(VLOOKUP(C78,$DG$4:$DJ$32,4,FALSE),0)+_xlfn.IFNA(VLOOKUP(C78,$DM$4:$DP$32,4,FALSE),0)+_xlfn.IFNA(VLOOKUP(C78,$DS$4:$DV$32,4,FALSE),0) -> 0 | F78: Laurens De Plus | G78: 85 | N78: 1 | O78: Biniam Girmay | P78: 150
B79: 44 | C79: Biniam Girmay | D79: =_xlfn.IFNA(VLOOKUP(C79,$I$4:$L$30,4,FALSE),0)+_xlfn.IFNA(VLOOKUP(C79,$C$4:$F$28,4,FALSE),0)+_xlfn.IFNA(VLOOKUP(C79,$U$4:$X$30,4,FALSE),0)+_xlfn.IFNA(VLOOKUP(C79,$O$4:$R$30,4,FALSE),0)+_xlfn.IFNA(VLOOKUP(C79,$AA$4:$AD$30,4,FALSE),0)+_xlfn.IFNA(VLOOKUP(C79,$AG$4:$AJ$30,4,FALSE),0)+_xlfn.IFNA(VLOOKUP(C79,$AM$4:$AP$30,4,FALSE),0)+_xlfn.IFNA(VLOOKUP(C79,$AS$4:$AV$30,4,FALSE),0)+_xlfn.IFNA(VLOOKUP(C79,$AY$4:$BB$30,4,FALSE),0)+_xlfn.IFNA(VLOOKUP(C79,$BE$4:$BH$29,4,FALSE),0)+_xlfn.IFNA(VLOOKUP(C79,$BK$4:$BN$31,4,FALSE),0)+_xlfn.IFNA(VLOOKUP(C79,$BQ$4:$BT$32,4,FALSE),0)+_xlfn.IFNA(VLOOKUP(C79,$BW$4:$BZ$32,4,FALSE),0)+_xlfn.IFNA(VLOOKUP(C79,$CC$4:$CF$32,4,FALSE),0)+_xlfn.IFNA(VLOOKUP(C79,$CI$4:$CL$32,4,FALSE),0)+_xlfn.IFNA(VLOOKUP(C79,$CO$4:$CR$32,4,FALSE),0)+_xlfn.IFNA(VLOOKUP(C79,$CU$4:$CX$32,4,FALSE),0)+_xlfn.IFNA(VLOOKUP(C79,$DA$4:$DD$32,4,FALSE),0)+_xlfn.IFNA(VLOOKUP(C79,$DG$4:$DJ$32,4,FALSE),0)+_xlfn.IFNA(VLOOKUP(C79,$DM$4:$DP$32,4,FALSE),0)+_xlfn.IFNA(VLOOKUP(C79,$DS$4:$DV$32,4,FALSE),0) -> 725 | F79: Arnaud Demare | G79: 83 | N79: 2 | O79: Jasper Philipsen | P79: 120
B80: 45 | C80: Fernando Gaviria | D80: =_xlfn.IFNA(VLOOKUP(C80,$I$4:$L$30,4,FALSE),0)+_xlfn.IFNA(VLOOKUP(C80,$C$4:$F$28,4,FALSE),0)+_xlfn.IFNA(VLOOKUP(C80,$U$4:$X$30,4,FALSE),0)+_xlfn.IFNA(VLOOKUP(C80,$O$4:$R$30,4,FALSE),0)+_xlfn.IFNA(VLOOKUP(C80,$AA$4:$AD$30,4,FALSE),0)+_xlfn.IFNA(VLOOKUP(C80,$AG$4:$AJ$30,4,FALSE),0)+_xlfn.IFNA(VLOOKUP(C80,$AM$4:$AP$30,4,FALSE),0)+_xlfn.IFNA(VLOOKUP(C80,$AS$4:$AV$30,4,FALSE),0)+_xlfn.IFNA(VLOOKUP(C80,$AY$4:$BB$30,4,FALSE),0)+_xlfn.IFNA(VLOOKUP(C80,$BE$4:$BH$29,4,FALSE),0)+_xlfn.IFNA(VLOOKUP(C80,$BK$4:$BN$31,4,FALSE),0)+_xlfn.IFNA(VLOOKUP(C80,$BQ$4:$BT$32,4,FALSE),0)+_xlfn.IFNA(VLOOKUP(C80,$BW$4:$BZ$32,4,FALSE),0)+_xlfn.IFNA(VLOOKUP(C80,$CC$4:$CF$32,4,FALSE),0)+_xlfn.IFNA(VLOOKUP(C80,$CI$4:$CL$32,4,FALSE),0)+_xlfn.IFNA(VLOOKUP(C80,$CO$4:$CR$32,4,FALSE),0)+_xlfn.IFNA(VLOOKUP(C80,$CU$4:$CX$32,4,FALSE),0)+_xlfn.IFNA(VLOOKUP(C80,$DA$4:$DD$32,4,FALSE),0)+_xlfn.IFNA(VLOOKUP(C80,$DG$4:$DJ$32,4,FALSE),0)+_xlfn.IFNA(VLOOKUP(C80,$DM$4:$DP$32,4,FALSE),0)+_xlfn.IFNA(VLOOKUP(C80,$DS$4:$DV$32,4,FALSE),0) -> 227 | F80: Toms Skujins | G80: 82 | N80: 3 | O80: Bryan Coquard | P80: 100
B81: 46 | C81: Arnaud De Lie | D81: =_xlfn.IFNA(VLOOKUP(C81,$I$4:$L$30,4,FALSE),0)+_xlfn.IFNA(VLOOKUP(C81,$C$4:$F$28,4,FALSE),0)+_xlfn.IFNA(VLOOKUP(C81,$U$4:$X$30,4,FALSE),0)+_xlfn.IFNA(VLOOKUP(C81,$O$4:$R$30,4,FALSE),0)+_xlfn.IFNA(VLOOKUP(C81,$AA$4:$AD$30,4,FALSE),0)+_xlfn.IFNA(VLOOKUP(C81,$AG$4:$AJ$30,4,FALSE),0)+_xlfn.IFNA(VLOOKUP(C81,$AM$4:$AP$30,4,FALSE),0)+_xlfn.IFNA(VLOOKUP(C81,$AS$4:$AV$30,4,FALSE),0)+_xlfn.IFNA(VLOOKUP(C81,$AY$4:$BB$30,4,FALSE),0)+_xlfn.IFNA(VLOOKUP(C81,$BE$4:$BH$29,4,FALSE),0)+_xlfn.IFNA(VLOOKUP(C81,$BK$4:$BN$31,4,FALSE),0)+_xlfn.IFNA(VLOOKUP(C81,$BQ$4:$BT$32,4,FALSE),0)+_xlfn.IFNA(VLOOKUP(C81,$BW$4:$BZ$32,4,FALSE),0)+_xlfn.IFNA(VLOOKUP(C81,$CC$4:$CF$32,4,FALSE),0)+_xlfn.IFNA(VLOOKUP(C81,$CI$4:$CL$32,4,FALSE),0)+_xlfn.IFNA(VLOOKUP(C81,$CO$4:$CR$32,4,FALSE),0)+_xlfn.IFNA(VLOOKUP(C81,$CU$4:$CX$32,4,FALSE),0)+_xlfn.IFNA(VLOOKUP(C81,$DA$4:$DD$32,4,FALSE),0)+_xlfn.IFNA(VLOOKUP(C81,$DG$4:$DJ$32,4,FALSE),0)+_xlfn.IFNA(VLOOKUP(C81,$DM$4:$DP$32,4,FALSE),0)+_xlfn.IFNA(VLOOKUP(C81,$DS$4:$DV$32,4,FALSE),0) -> 284 | F81: Jasper Stuyven | G81: 80 | N81: 4 | O81: Tadej Pogacar | P81: 80
B82: 47 | C82: Dylan Groenewegen | D82: =_xlfn.IFNA(VLOOKUP(C82,$I$4:$L$30,4,FALSE),0)+_xlfn.IFNA(VLOOKUP(C82,$C$4:$F$28,4,FALSE),0)+_xlfn.IFNA(VLOOKUP(C82,$U$4:$X$30,4,FALSE),0)+_xlfn.IFNA(VLOOKUP(C82,$O$4:$R$30,4,FALSE),0)+_xlfn.IFNA(VLOOKUP(C82,$AA$4:$AD$30,4,FALSE),0)+_xlfn.IFNA(VLOOKUP(C82,$AG$4:$AJ$30,4,FALSE),0)+_xlfn.IFNA(VLOOKUP(C82,$AM$4:$AP$30,4,FALSE),0)+_xlfn.IFNA(VLOOKUP(C82,$AS$4:$AV$30,4,FALSE),0)+_xlfn.IFNA(VLOOKUP(C82,$AY$4:$BB$30,4,FALSE),0)+_xlfn.IFNA(VLOOKUP(C82,$BE$4:$BH$29,4,FALSE),0)+_xlfn.IFNA(VLOOKUP(C82,$BK$4:$BN$31,4,FALSE),0)+_xlfn.IFNA(VLOOKUP(C82,$BQ$4:$BT$32,4,FALSE),0)+_xlfn.IFNA(VLOOKUP(C82,$BW$4:$BZ$32,4,FALSE),0)+_xlfn.IFNA(VLOOKUP(C82,$CC$4:$CF$32,4,FALSE),0)+_xlfn.IFNA(VLOOKUP(C82,$CI$4:$CL$32,4,FALSE),0)+_xlfn.IFNA(VLOOKUP(C82,$CO$4:$CR$32,4,FALSE),0)+_xlfn.IFNA(VLOOKUP(C82,$CU$4:$CX$32,4,FALSE),0)+_xlfn.IFNA(VLOOKUP(C82,$DA$4:$DD$32,4,FALSE),0)+_xlfn.IFNA(VLOOKUP(C82,$DG$4:$DJ$32,4,FALSE),0)+_xlfn.IFNA(VLOOKUP(C82,$DM$4:$DP$32,4,FALSE),0)+_xlfn.IFNA(VLOOKUP(C82,$DS$4:$DV$32,4,FALSE),0) -> 207 | F82: Clement Russo | G82: 80 | N82: 5 | O82: Anthony Turgis | P82: 60
B83: 48 | C83: Phil Bauhaus | D83: =_xlfn.IFNA(VLOOKUP(C83,$I$4:$L$30,4,FALSE),0)+_xlfn.IFNA(VLOOKUP(C83,$C$4:$F$28,4,FALSE),0)+_xlfn.IFNA(VLOOKUP(C83,$U$4:$X$30,4,FALSE),0)+_xlfn.IFNA(VLOOKUP(C83,$O$4:$R$30,4,FALSE),0)+_xlfn.IFNA(VLOOKUP(C83,$AA$4:$AD$30,4,FALSE),0)+_xlfn.IFNA(VLOOKUP(C83,$AG$4:$AJ$30,4,FALSE),0)+_xlfn.IFNA(VLOOKUP(C83,$AM$4:$AP$30,4,FALSE),0)+_xlfn.IFNA(VLOOKUP(C83,$AS$4:$AV$30,4,FALSE),0)+_xlfn.IFNA(VLOOKUP(C83,$AY$4:$BB$30,4,FALSE),0)+_xlfn.IFNA(VLOOKUP(C83,$BE$4:$BH$29,4,FALSE),0)+_xlfn.IFNA(VLOOKUP(C83,$BK$4:$BN$31,4,FALSE),0)+_xlfn.IFNA(VLOOKUP(C83,$BQ$4:$BT$32,4,FALSE),0)+_xlfn.IFNA(VLOOKUP(C83,$BW$4:$BZ$32,4,FALSE),0)+_xlfn.IFNA(VLOOKUP(C83,$CC$4:$CF$32,4,FALSE),0)+_xlfn.IFNA(VLOOKUP(C83,$CI$4:$CL$32,4,FALSE),0)+_xlfn.IFNA(VLOOKUP(C83,$CO$4:$CR$32,4,FALSE),0)+_xlfn.IFNA(VLOOKUP(C83,$CU$4:$CX$32,4,FALSE),0)+_xlfn.IFNA(VLOOKUP(C83,$DA$4:$DD$32,4,FALSE),0)+_xlfn.IFNA(VLOOKUP(C83,$DG$4:$DJ$32,4,FALSE),0)+_xlfn.IFNA(VLOOKUP(C83,$DM$4:$DP$32,4,FALSE),0)+_xlfn.IFNA(VLOOKUP(C83,$DS$4:$DV$32,4,FALSE),0) -> 225 | F83: Matteo Vercher | G83: 80 | N83: 6 | O83: Arnaud De Lie | P83: 40
B84: 49 | C84: Fabio Jakobsen | D84: =_xlfn.IFNA(VLOOKUP(C84,$I$4:$L$30,4,FALSE),0)+_xlfn.IFNA(VLOOKUP(C84,$C$4:$F$28,4,FALSE),0)+_xlfn.IFNA(VLOOKUP(C84,$U$4:$X$30,4,FALSE),0)+_xlfn.IFNA(VLOOKUP(C84,$O$4:$R$30,4,FALSE),0)+_xlfn.IFNA(VLOOKUP(C84,$AA$4:$AD$30,4,FALSE),0)+_xlfn.IFNA(VLOOKUP(C84,$AG$4:$AJ$30,4,FALSE),0)+_xlfn.IFNA(VLOOKUP(C84,$AM$4:$AP$30,4,FALSE),0)+_xlfn.IFNA(VLOOKUP(C84,$AS$4:$AV$30,4,FALSE),0)+_xlfn.IFNA(VLOOKUP(C84,$AY$4:$BB$30,4,FALSE),0)+_xlfn.IFNA(VLOOKUP(C84,$BE$4:$BH$29,4,FALSE),0)+_xlfn.IFNA(VLOOKUP(C84,$BK$4:$BN$31,4,FALSE),0)+_xlfn.IFNA(VLOOKUP(C84,$BQ$4:$BT$32,4,FALSE),0)+_xlfn.IFNA(VLOOKUP(C84,$BW$4:$BZ$32,4,FALSE),0)+_xlfn.IFNA(VLOOKUP(C84,$CC$4:$CF$32,4,FALSE),0)+_xlfn.IFNA(VLOOKUP(C84,$CI$4:$CL$32,4,FALSE),0)+_xlfn.IFNA(VLOOKUP(C84,$CO$4:$CR$32,4,FALSE),0)+_xlfn.IFNA(VLOOKUP(C84,$CU$4:$CX$32,4,FALSE),0)+_xlfn.IFNA(VLOOKUP(C84,$DA$4:$DD$32,4,FALSE),0)+_xlfn.IFNA(VLOOKUP(C84,$DG$4:$DJ$32,4,FALSE),0)+_xlfn.IFNA(VLOOKUP(C84,$DM$4:$DP$32,4,FALSE),0)+_xlfn.IFNA(VLOOKUP(C84,$DS$4:$DV$32,4,FALSE),0) -> 75 | F84: Guillaume Martin | G84: 78 | N84: 7 | O84: Remco Evenepoel | P84: 30
B85: 50 | C85: Davide Ballerini | D85: =_xlfn.IFNA(VLOOKUP(C85,$I$4:$L$30,4,FALSE),0)+_xlfn.IFNA(VLOOKUP(C85,$C$4:$F$28,4,FALSE),0)+_xlfn.IFNA(VLOOKUP(C85,$U$4:$X$30,4,FALSE),0)+_xlfn.IFNA(VLOOKUP(C85,$O$4:$R$30,4,FALSE),0)+_xlfn.IFNA(VLOOKUP(C85,$AA$4:$AD$30,4,FALSE),0)+_xlfn.IFNA(VLOOKUP(C85,$AG$4:$AJ$30,4,FALSE),0)+_xlfn.IFNA(VLOOKUP(C85,$AM$4:$AP$30,4,FALSE),0)+_xlfn.IFNA(VLOOKUP(C85,$AS$4:$AV$30,4,FALSE),0)+_xlfn.IFNA(VLOOKUP(C85,$AY$4:$BB$30,4,FALSE),0)+_xlfn.IFNA(VLOOKUP(C85,$BE$4:$BH$29,4,FALSE),0)+_xlfn.IFNA(VLOOKUP(C85,$BK$4:$BN$31,4,FALSE),0)+_xlfn.IFNA(VLOOKUP(C85,$BQ$4:$BT$32,4,FALSE),0)+_xlfn.IFNA(VLOOKUP(C85,$BW$4:$BZ$32,4,FALSE),0)+_xlfn.IFNA(VLOOKUP(C85,$CC$4:$CF$32,4,FALSE),0)+_xlfn.IFNA(VLOOKUP(C85,$CI$4:$CL$32,4,FALSE),0)+_xlfn.IFNA(VLOOKUP(C85,$CO$4:$CR$32,4,FALSE),0)+_xlfn.IFNA(VLOOKUP(C85,$CU$4:$CX$32,4,FALSE),0)+_xlfn.IFNA(VLOOKUP(C85,$DA$4:$DD$32,4,FALSE),0)+_xlfn.IFNA(VLOOKUP(C85,$DG$4:$DJ$32,4,FALSE),0)+_xlfn.IFNA(VLOOKUP(C85,$DM$4:$DP$32,4,FALSE),0)+_xlfn.IFNA(VLOOKUP(C85,$DS$4:$DV$32,4,FALSE),0) -> 27 | F85: Maxim Van Gils | G85: 77 | N85: 8 | O85: Wout Van Aert | P85: 20
B86: 51 | C86: Sam Bennett | D86: =_xlfn.IFNA(VLOOKUP(C86,$I$4:$L$30,4,FALSE),0)+_xlfn.IFNA(VLOOKUP(C86,$C$4:$F$28,4,FALSE),0)+_xlfn.IFNA(VLOOKUP(C86,$U$4:$X$30,4,FALSE),0)+_xlfn.IFNA(VLOOKUP(C86,$O$4:$R$30,4,FALSE),0)+_xlfn.IFNA(VLOOKUP(C86,$AA$4:$AD$30,4,FALSE),0)+_xlfn.IFNA(VLOOKUP(C86,$AG$4:$AJ$30,4,FALSE),0)+_xlfn.IFNA(VLOOKUP(C86,$AM$4:$AP$30,4,FALSE),0)+_xlfn.IFNA(VLOOKUP(C86,$AS$4:$AV$30,4,FALSE),0)+_xlfn.IFNA(VLOOKUP(C86,$AY$4:$BB$30,4,FALSE),0)+_xlfn.IFNA(VLOOKUP(C86,$BE$4:$BH$29,4,FALSE),0)+_xlfn.IFNA(VLOOKUP(C86,$BK$4:$BN$31,4,FALSE),0)+_xlfn.IFNA(VLOOKUP(C86,$BQ$4:$BT$32,4,FALSE),0)+_xlfn.IFNA(VLOOKUP(C86,$BW$4:$BZ$32,4,FALSE),0)+_xlfn.IFNA(VLOOKUP(C86,$CC$4:$CF$32,4,FALSE),0)+_xlfn.IFNA(VLOOKUP(C86,$CI$4:$CL$32,4,FALSE),0)+_xlfn.IFNA(VLOOKUP(C86,$CO$4:$CR$32,4,FALSE),0)+_xlfn.IFNA(VLOOKUP(C86,$CU$4:$CX$32,4,FALSE),0)+_xlfn.IFNA(VLOOKUP(C86,$DA$4:$DD$32,4,FALSE),0)+_xlfn.IFNA(VLOOKUP(C86,$DG$4:$DJ$32,4,FALSE),0)+_xlfn.IFNA(VLOOKUP(C86,$DM$4:$DP$32,4,FALSE),0)+_xlfn.IFNA(VLOOKUP(C86,$DS$4:$DV$32,4,FALSE),0) -> 137 | F86: Fabio Jakobsen | G86: 75 | N86: 9 | O86: Jonas Abrahamsen | P86: 10
B87: 52 | C87: Bryan Coquard | D87: =_xlfn.IFNA(VLOOKUP(C87,$I$4:$L$30,4,FALSE),0)+_xlfn.IFNA(VLOOKUP(C87,$C$4:$F$28,4,FALSE),0)+_xlfn.IFNA(VLOOKUP(C87,$U$4:$X$30,4,FALSE),0)+_xlfn.IFNA(VLOOKUP(C87,$O$4:$R$30,4,FALSE),0)+_xlfn.IFNA(VLOOKUP(C87,$AA$4:$AD$30,4,FALSE),0)+_xlfn.IFNA(VLOOKUP(C87,$AG$4:$AJ$30,4,FALSE),0)+_xlfn.IFNA(VLOOKUP(C87,$AM$4:$AP$30,4,FALSE),0)+_xlfn.IFNA(VLOOKUP(C87,$AS$4:$AV$30,4,FALSE),0)+_xlfn.IFNA(VLOOKUP(C87,$AY$4:$BB$30,4,FALSE),0)+_xlfn.IFNA(VLOOKUP(C87,$BE$4:$BH$29,4,FALSE),0)+_xlfn.IFNA(VLOOKUP(C87,$BK$4:$BN$31,4,FALSE),0)+_xlfn.IFNA(VLOOKUP(C87,$BQ$4:$BT$32,4,FALSE),0)+_xlfn.IFNA(VLOOKUP(C87,$BW$4:$BZ$32,4,FALSE),0)+_xlfn.IFNA(VLOOKUP(C87,$CC$4:$CF$32,4,FALSE),0)+_xlfn.IFNA(VLOOKUP(C87,$CI$4:$CL$32,4,FALSE),0)+_xlfn.IFNA(VLOOKUP(C87,$CO$4:$CR$32,4,FALSE),0)+_xlfn.IFNA(VLOOKUP(C87,$CU$4:$CX$32,4,FALSE),0)+_xlfn.IFNA(VLOOKUP(C87,$DA$4:$DD$32,4,FALSE),0)+_xlfn.IFNA(VLOOKUP(C87,$DG$4:$DJ$32,4,FALSE),0)+_xlfn.IFNA(VLOOKUP(C87,$DM$4:$DP$32,4,FALSE),0)+_xlfn.IFNA(VLOOKUP(C87,$DS$4:$DV$32,4,FALSE),0) -> 138 | F87: Harold Tejada | G87: 74 | N87: 10 | O87: Jonas Vingegaard | P87: 5
B88: 53 | C88: Jonas Rickaert | D88: =_xlfn.IFNA(VLOOKUP(C88,$I$4:$L$30,4,FALSE),0)+_xlfn.IFNA(VLOOKUP(C88,$C$4:$F$28,4,FALSE),0)+_xlfn.IFNA(VLOOKUP(C88,$U$4:$X$30,4,FALSE),0)+_xlfn.IFNA(VLOOKUP(C88,$O$4:$R$30,4,FALSE),0)+_xlfn.IFNA(VLOOKUP(C88,$AA$4:$AD$30,4,FALSE),0)+_xlfn.IFNA(VLOOKUP(C88,$AG$4:$AJ$30,4,FALSE),0)+_xlfn.IFNA(VLOOKUP(C88,$AM$4:$AP$30,4,FALSE),0)+_xlfn.IFNA(VLOOKUP(C88,$AS$4:$AV$30,4,FALSE),0)+_xlfn.IFNA(VLOOKUP(C88,$AY$4:$BB$30,4,FALSE),0)+_xlfn.IFNA(VLOOKUP(C88,$BE$4:$BH$29,4,FALSE),0)+_xlfn.IFNA(VLOOKUP(C88,$BK$4:$BN$31,4,FALSE),0)+_xlfn.IFNA(VLOOKUP(C88,$BQ$4:$BT$32,4,FALSE),0)+_xlfn.IFNA(VLOOKUP(C88,$BW$4:$BZ$32,4,FALSE),0)+_xlfn.IFNA(VLOOKUP(C88,$CC$4:$CF$32,4,FALSE),0)+_xlfn.IFNA(VLOOKUP(C88,$CI$4:$CL$32,4,FALSE),0)+_xlfn.IFNA(VLOOKUP(C88,$CO$4:$CR$32,4,FALSE),0)+_xlfn.IFNA(VLOOKUP(C88,$CU$4:$CX$32,4,FALSE),0)+_xlfn.IFNA(VLOOKUP(C88,$DA$4:$DD$32,4,FALSE),0)+_xlfn.IFNA(VLOOKUP(C88,$DG$4:$DJ$32,4,FALSE),0)+_xlfn.IFNA(VLOOKUP(C88,$DM$4:$DP$32,4,FALSE),0)+_xlfn.IFNA(VLOOKUP(C88,$DS$4:$DV$32,4,FALSE),0) -> 15 | F88: Mike Teunissen | G88: 66
B89: 54 | C89: Anthony Turgis | D89: =_xlfn.IFNA(VLOOKUP(C89,$I$4:$L$30,4,FALSE),0)+_xlfn.IFNA(VLOOKUP(C89,$C$4:$F$28,4,FALSE),0)+_xlfn.IFNA(VLOOKUP(C89,$U$4:$X$30,4,FALSE),0)+_xlfn.IFNA(VLOOKUP(C89,$O$4:$R$30,4,FALSE),0)+_xlfn.IFNA(VLOOKUP(C89,$AA$4:$AD$30,4,FALSE),0)+_xlfn.IFNA(VLOOKUP(C89,$AG$4:$AJ$30,4,FALSE),0)+_xlfn.IFNA(VLOOKUP(C89,$AM$4:$AP$30,4,FALSE),0)+_xlfn.IFNA(VLOOKUP(C89,$AS$4:$AV$30,4,FALSE),0)+_xlfn.IFNA(VLOOKUP(C89,$AY$4:$BB$30,4,FALSE),0)+_xlfn.IFNA(VLOOKUP(C89,$BE$4:$BH$29,4,FALSE),0)+_xlfn.IFNA(VLOOKUP(C89,$BK$4:$BN$31,4,FALSE),0)+_xlfn.IFNA(VLOOKUP(C89,$BQ$4:$BT$32,4,FALSE),0)+_xlfn.IFNA(VLOOKUP(C89,$BW$4:$BZ$32,4,FALSE),0)+_xlfn.IFNA(VLOOKUP(C89,$CC$4:$CF$32,4,FALSE),0)+_xlfn.IFNA(VLOOKUP(C89,$CI$4:$CL$32,4,FALSE),0)+_xlfn.IFNA(VLOOKUP(C89,$CO$4:$CR$32,4,FALSE),0)+_xlfn.IFNA(VLOOKUP(C89,$CU$4:$CX$32,4,FALSE),0)+_xlfn.IFNA(VLOOKUP(C89,$DA$4:$DD$32,4,FALSE),0)+_xlfn.IFNA(VLOOKUP(C89,$DG$4:$DJ$32,4,FALSE),0)+_xlfn.IFNA(VLOOKUP(C89,$DM$4:$DP$32,4,FALSE),0)+_xlfn.IFNA(VLOOKUP(C89,$DS$4:$DV$32,4,FALSE),0) -> 187 | F89: Michal Kwiatkowski | G89: 65 | N89: Jongerentrui
B90: 55 | C90: Marijn Van Den Berg | D90: =_xlfn.IFNA(VLOOKUP(C90,$I$4:$L$30,4,FALSE),0)+_xlfn.IFNA(VLOOKUP(C90,$C$4:$F$28,4,FALSE),0)+_xlfn.IFNA(VLOOKUP(C90,$U$4:$X$30,4,FALSE),0)+_xlfn.IFNA(VLOOKUP(C90,$O$4:$R$30,4,FALSE),0)+_xlfn.IFNA(VLOOKUP(C90,$AA$4:$AD$30,4,FALSE),0)+_xlfn.IFNA(VLOOKUP(C90,$AG$4:$AJ$30,4,FALSE),0)+_xlfn.IFNA(VLOOKUP(C90,$AM$4:$AP$30,4,FALSE),0)+_xlfn.IFNA(VLOOKUP(C90,$AS$4:$AV$30,4,FALSE),0)+_xlfn.IFNA(VLOOKUP(C90,$AY$4:$BB$30,4,FALSE),0)+_xlfn.IFNA(VLOOKUP(C90,$BE$4:$BH$29,4,FALSE),0)+_xlfn.IFNA(VLOOKUP(C90,$BK$4:$BN$31,4,FALSE),0)+_xlfn.IFNA(VLOOKUP(C90,$BQ$4:$BT$32,4,FALSE),0)+_xlfn.IFNA(VLOOKUP(C90,$BW$4:$BZ$32,4,FALSE),0)+_xlfn.IFNA(VLOOKUP(C90,$CC$4:$CF$32,4,FALSE),0)+_xlfn.IFNA(VLOOKUP(C90,$CI$4:$CL$32,4,FALSE),0)+_xlfn.IFNA(VLOOKUP(C90,$CO$4:$CR$32,4,FALSE),0)+_xlfn.IFNA(VLOOKUP(C90,$CU$4:$CX$32,4,FALSE),0)+_xlfn.IFNA(VLOOKUP(C90,$DA$4:$DD$32,4,FALSE),0)+_xlfn.IFNA(VLOOKUP(C90,$DG$4:$DJ$32,4,FALSE),0)+_xlfn.IFNA(VLOOKUP(C90,$DM$4:$DP$32,4,FALSE),0)+_xlfn.IFNA(VLOOKUP(C90,$DS$4:$DV$32,4,FALSE),0) -> 108 | F90: Jai Hindley | G90: 64 | N90: Positie | O90: Naam | P90: Punten
B91: 56 | C91: Pascal Ackermann | D91: =_xlfn.IFNA(VLOOKUP(C91,$I$4:$L$30,4,FALSE),0)+_xlfn.IFNA(VLOOKUP(C91,$C$4:$F$28,4,FALSE),0)+_xlfn.IFNA(VLOOKUP(C91,$U$4:$X$30,4,FALSE),0)+_xlfn.IFNA(VLOOKUP(C91,$O$4:$R$30,4,FALSE),0)+_xlfn.IFNA(VLOOKUP(C91,$AA$4:$AD$30,4,FALSE),0)+_xlfn.IFNA(VLOOKUP(C91,$AG$4:$AJ$30,4,FALSE),0)+_xlfn.IFNA(VLOOKUP(C91,$AM$4:$AP$30,4,FALSE),0)+_xlfn.IFNA(VLOOKUP(C91,$AS$4:$AV$30,4,FALSE),0)+_xlfn.IFNA(VLOOKUP(C91,$AY$4:$BB$30,4,FALSE),0)+_xlfn.IFNA(VLOOKUP(C91,$BE$4:$BH$29,4,FALSE),0)+_xlfn.IFNA(VLOOKUP(C91,$BK$4:$BN$31,4,FALSE),0)+_xlfn.IFNA(VLOOKUP(C91,$BQ$4:$BT$32,4,FALSE),0)+_xlfn.IFNA(VLOOKUP(C91,$BW$4:$BZ$32,4,FALSE),0)+_xlfn.IFNA(VLOOKUP(C91,$CC$4:$CF$32,4,FALSE),0)+_xlfn.IFNA(VLOOKUP(C91,$CI$4:$CL$32,4,FALSE),0)+_xlfn.IFNA(VLOOKUP(C91,$CO$4:$CR$32,4,FALSE),0)+_xlfn.IFNA(VLOOKUP(C91,$CU$4:$CX$32,4,FALSE),0)+_xlfn.IFNA(VLOOKUP(C91,$DA$4:$DD$32,4,FALSE),0)+_xlfn.IFNA(VLOOKUP(C91,$DG$4:$DJ$32,4,FALSE),0)+_xlfn.IFNA(VLOOKUP(C91,$DM$4:$DP$32,4,FALSE),0)+_xlfn.IFNA(VLOOKUP(C91,$DS$4:$DV$32,4,FALSE),0) -> 361 | F91: Nikias Arndt | G91: 64 | N91: 1 | O91: Remco Evenepoel | P91: 80
B92: 57 | C92: Gerben Thijssen | D92: =_xlfn.IFNA(VLOOKUP(C92,$I$4:$L$30,4,FALSE),0)+_xlfn.IFNA(VLOOKUP(C92,$C$4:$F$28,4,FALSE),0)+_xlfn.IFNA(VLOOKUP(C92,$U$4:$X$30,4,FALSE),0)+_xlfn.IFNA(VLOOKUP(C92,$O$4:$R$30,4,FALSE),0)+_xlfn.IFNA(VLOOKUP(C92,$AA$4:$AD$30,4,FALSE),0)+_xlfn.IFNA(VLOOKUP(C92,$AG$4:$AJ$30,4,FALSE),0)+_xlfn.IFNA(VLOOKUP(C92,$AM$4:$AP$30,4,FALSE),0)+_xlfn.IFNA(VLOOKUP(C92,$AS$4:$AV$30,4,FALSE),0)+_xlfn.IFNA(VLOOKUP(C92,$AY$4:$BB$30,4,FALSE),0)+_xlfn.IFNA(VLOOKUP(C92,$BE$4:$BH$29,4,FALSE),0)+_xlfn.IFNA(VLOOKUP(C92,$BK$4:$BN$31,4,FALSE),0)+_xlfn.IFNA(VLOOKUP(C92,$BQ$4:$BT$32,4,FALSE),0)+_xlfn.IFNA(VLOOKUP(C92,$BW$4:$BZ$32,4,FALSE),0)+_xlfn.IFNA(VLOOKUP(C92,$CC$4:$CF$32,4,FALSE),0)+_xlfn.IFNA(VLOOKUP(C92,$CI$4:$CL$32,4,FALSE),0)+_xlfn.IFNA(VLOOKUP(C92,$CO$4:$CR$32,4,FALSE),0)+_xlfn.IFNA(VLOOKUP(C92,$CU$4:$CX$32,4,FALSE),0)+_xlfn.IFNA(VLOOKUP(C92,$DA$4:$DD$32,4,FALSE),0)+_xlfn.IFNA(VLOOKUP(C92,$DG$4:$DJ$32,4,FALSE),0)+_xlfn.IFNA(VLOOKUP(C92,$DM$4:$DP$32,4,FALSE),0)+_xlfn.IFNA(VLOOKUP(C92,$DS$4:$DV$32,4,FALSE),0) -> 48 | F92: Cristian Rodriguez | G92: 59 | N92: 2 | O92: Carlos Rodriguez | P92: 60
B93: 58 | C93: Jasper Stuyven | D93: =_xlfn.IFNA(VLOOKUP(C93,$I$4:$L$30,4,FALSE),0)+_xlfn.IFNA(VLOOKUP(C93,$C$4:$F$28,4,FALSE),0)+_xlfn.IFNA(VLOOKUP(C93,$U$4:$X$30,4,FALSE),0)+_xlfn.IFNA(VLOOKUP(C93,$O$4:$R$30,4,FALSE),0)+_xlfn.IFNA(VLOOKUP(C93,$AA$4:$AD$30,4,FALSE),0)+_xlfn.IFNA(VLOOKUP(C93,$AG$4:$AJ$30,4,FALSE),0)+_xlfn.IFNA(VLOOKUP(C93,$AM$4:$AP$30,4,FALSE),0)+_xlfn.IFNA(VLOOKUP(C93,$AS$4:$AV$30,4,FALSE),0)+_xlfn.IFNA(VLOOKUP(C93,$AY$4:$BB$30,4,FALSE),0)+_xlfn.IFNA(VLOOKUP(C93,$BE$4:$BH$29,4,FALSE),0)+_xlfn.IFNA(VLOOKUP(C93,$BK$4:$BN$31,4,FALSE),0)+_xlfn.IFNA(VLOOKUP(C93,$BQ$4:$BT$32,4,FALSE),0)+_xlfn.IFNA(VLOOKUP(C93,$BW$4:$BZ$32,4,FALSE),0)+_xlfn.IFNA(VLOOKUP(C93,$CC$4:$CF$32,4,FALSE),0)+_xlfn.IFNA(VLOOKUP(C93,$CI$4:$CL$32,4,FALSE),0)+_xlfn.IFNA(VLOOKUP(C93,$CO$4:$CR$32,4,FALSE),0)+_xlfn.IFNA(VLOOKUP(C93,$CU$4:$CX$32,4,FALSE),0)+_xlfn.IFNA(VLOOKUP(C93,$DA$4:$DD$32,4,FALSE),0)+_xlfn.IFNA(VLOOKUP(C93,$DG$4:$DJ$32,4,FALSE),0)+_xlfn.IFNA(VLOOKUP(C93,$DM$4:$DP$32,4,FALSE),0)+_xlfn.IFNA(VLOOKUP(C93,$DS$4:$DV$32,4,FALSE),0) -> 80 | F93: Oier Lazkano | G93: 54 | N93: 3 | O93: Matteo Jorgenson | P93: 40
B94: 59 | C94: Paul Lapeira | D94: =_xlfn.IFNA(VLOOKUP(C94,$I$4:$L$30,4,FALSE),0)+_xlfn.IFNA(VLOOKUP(C94,$C$4:$F$28,4,FALSE),0)+_xlfn.IFNA(VLOOKUP(C94,$U$4:$X$30,4,FALSE),0)+_xlfn.IFNA(VLOOKUP(C94,$O$4:$R$30,4,FALSE),0)+_xlfn.IFNA(VLOOKUP(C94,$AA$4:$AD$30,4,FALSE),0)+_xlfn.IFNA(VLOOKUP(C94,$AG$4:$AJ$30,4,FALSE),0)+_xlfn.IFNA(VLOOKUP(C94,$AM$4:$AP$30,4,FALSE),0)+_xlfn.IFNA(VLOOKUP(C94,$AS$4:$AV$30,4,FALSE),0)+_xlfn.IFNA(VLOOKUP(C94,$AY$4:$BB$30,4,FALSE),0)+_xlfn.IFNA(VLOOKUP(C94,$BE$4:$BH$29,4,FALSE),0)+_xlfn.IFNA(VLOOKUP(C94,$BK$4:$BN$31,4,FALSE),0)+_xlfn.IFNA(VLOOKUP(C94,$BQ$4:$BT$32,4,FALSE),0)+_xlfn.IFNA(VLOOKUP(C94,$BW$4:$BZ$32,4,FALSE),0)+_xlfn.IFNA(VLOOKUP(C94,$CC$4:$CF$32,4,FALSE),0)+_xlfn.IFNA(VLOOKUP(C94,$CI$4:$CL$32,4,FALSE),0)+_xlfn.IFNA(VLOOKUP(C94,$CO$4:$CR$32,4,FALSE),0)+_xlfn.IFNA(VLOOKUP(C94,$CU$4:$CX$32,4,FALSE),0)+_xlfn.IFNA(VLOOKUP(C94,$DA$4:$DD$32,4,FALSE),0)+_xlfn.IFNA(VLOOKUP(C94,$DG$4:$DJ$32,4,FALSE),0)+_xlfn.IFNA(VLOOKUP(C94,$DM$4:$DP$32,4,FALSE),0)+_xlfn.IFNA(VLOOKUP(C94,$DS$4:$DV$32,4,FALSE),0) -> 8 | F94: John Degenkolb | G94: 54 | N94: 4 | O94: Santiago Buitrago | P94: 30
B95: 60 | C95: Matej Mohoric | D95: =_xlfn.IFNA(VLOOKUP(C95,$I$4:$L$30,4,FALSE),0)+_xlfn.IFNA(VLOOKUP(C95,$C$4:$F$28,4,FALSE),0)+_xlfn.IFNA(VLOOKUP(C95,$U$4:$X$30,4,FALSE),0)+_xlfn.IFNA(VLOOKUP(C95,$O$4:$R$30,4,FALSE),0)+_xlfn.IFNA(VLOOKUP(C95,$AA$4:$AD$30,4,FALSE),0)+_xlfn.IFNA(VLOOKUP(C95,$AG$4:$AJ$30,4,FALSE),0)+_xlfn.IFNA(VLOOKUP(C95,$AM$4:$AP$30,4,FALSE),0)+_xlfn.IFNA(VLOOKUP(C95,$AS$4:$AV$30,4,FALSE),0)+_xlfn.IFNA(VLOOKUP(C95,$AY$4:$BB$30,4,FALSE),0)+_xlfn.IFNA(VLOOKUP(C95,$BE$4:$BH$29,4,FALSE),0)+_xlfn.IFNA(VLOOKUP(C95,$BK$4:$BN$31,4,FALSE),0)+_xlfn.IFNA(VLOOKUP(C95,$BQ$4:$BT$32,4,FALSE),0)+_xlfn.IFNA(VLOOKUP(C95,$BW$4:$BZ$32,4,FALSE),0)+_xlfn.IFNA(VLOOKUP(C95,$CC$4:$CF$32,4,FALSE),0)+_xlfn.IFNA(VLOOKUP(C95,$CI$4:$CL$32,4,FALSE),0)+_xlfn.IFNA(VLOOKUP(C95,$CO$4:$CR$32,4,FALSE),0)+_xlfn.IFNA(VLOOKUP(C95,$CU$4:$CX$32,4,FALSE),0)+_xlfn.IFNA(VLOOKUP(C95,$DA$4:$DD$32,4,FALSE),0)+_xlfn.IFNA(VLOOKUP(C95,$DG$4:$DJ$32,4,FALSE),0)+_xlfn.IFNA(VLOOKUP(C95,$DM$4:$DP$32,4,FALSE),0)+_xlfn.IFNA(VLOOKUP(C95,$DS$4:$DV$32,4,FALSE),0) -> 7 | F95: Mathieu Van Der Poel | G95: 50 | N95: 5 | O95: Javier Romo | P95: 25
B96: 61 | C96: Thomas Gachignard | D96: =_xlfn.IFNA(VLOOKUP(C96,$I$4:$L$30,4,FALSE),0)+_xlfn.IFNA(VLOOKUP(C96,$C$4:$F$28,4,FALSE),0)+_xlfn.IFNA(VLOOKUP(C96,$U$4:$X$30,4,FALSE),0)+_xlfn.IFNA(VLOOKUP(C96,$O$4:$R$30,4,FALSE),0)+_xlfn.IFNA(VLOOKUP(C96,$AA$4:$AD$30,4,FALSE),0)+_xlfn.IFNA(VLOOKUP(C96,$AG$4:$AJ$30,4,FALSE),0)+_xlfn.IFNA(VLOOKUP(C96,$AM$4:$AP$30,4,FALSE),0)+_xlfn.IFNA(VLOOKUP(C96,$AS$4:$AV$30,4,FALSE),0)+_xlfn.IFNA(VLOOKUP(C96,$AY$4:$BB$30,4,FALSE),0)+_xlfn.IFNA(VLOOKUP(C96,$BE$4:$BH$29,4,FALSE),0)+_xlfn.IFNA(VLOOKUP(C96,$BK$4:$BN$31,4,FALSE),0)+_xlfn.IFNA(VLOOKUP(C96,$BQ$4:$BT$32,4,FALSE),0)+_xlfn.IFNA(VLOOKUP(C96,$BW$4:$BZ$32,4,FALSE),0)+_xlfn.IFNA(VLOOKUP(C96,$CC$4:$CF$32,4,FALSE),0)+_xlfn.IFNA(VLOOKUP(C96,$CI$4:$CL$32,4,FALSE),0)+_xlfn.IFNA(VLOOKUP(C96,$CO$4:$CR$32,4,FALSE),0)+_xlfn.IFNA(VLOOKUP(C96,$CU$4:$CX$32,4,FALSE),0)+_xlfn.IFNA(VLOOKUP(C96,$DA$4:$DD$32,4,FALSE),0)+_xlfn.IFNA(VLOOKUP(C96,$DG$4:$DJ$32,4,FALSE),0)+_xlfn.IFNA(VLOOKUP(C96,$DM$4:$DP$32,4,FALSE),0)+_xlfn.IFNA(VLOOKUP(C96,$DS$4:$DV$32,4,FALSE),0) -> 6 | F96: Ilan Van Wilder | G96: 48 | N96: 6 | O96: Ilan Van Wilder | P96: 20
B97: 62 | C97: Axel Zingle | D97: =_xlfn.IFNA(VLOOKUP(C97,$I$4:$L$30,4,FALSE),0)+_xlfn.IFNA(VLOOKUP(C97,$C$4:$F$28,4,FALSE),0)+_xlfn.IFNA(VLOOKUP(C97,$U$4:$X$30,4,FALSE),0)+_xlfn.IFNA(VLOOKUP(C97,$O$4:$R$30,4,FALSE),0)+_xlfn.IFNA(VLOOKUP(C97,$AA$4:$AD$30,4,FALSE),0)+_xlfn.IFNA(VLOOKUP(C97,$AG$4:$AJ$30,4,FALSE),0)+_xlfn.IFNA(VLOOKUP(C97,$AM$4:$AP$30,4,FALSE),0)+_xlfn.IFNA(VLOOKUP(C97,$AS$4:$AV$30,4,FALSE),0)+_xlfn.IFNA(VLOOKUP(C97,$AY$4:$BB$30,4,FALSE),0)+_xlfn.IFNA(VLOOKUP(C97,$BE$4:$BH$29,4,FALSE),0)+_xlfn.IFNA(VLOOKUP(C97,$BK$4:$BN$31,4,FALSE),0)+_xlfn.IFNA(VLOOKUP(C97,$BQ$4:$BT$32,4,FALSE),0)+_xlfn.IFNA(VLOOKUP(C97,$BW$4:$BZ$32,4,FALSE),0)+_xlfn.IFNA(VLOOKUP(C97,$CC$4:$CF$32,4,FALSE),0)+_xlfn.IFNA(VLOOKUP(C97,$CI$4:$CL$32,4,FALSE),0)+_xlfn.IFNA(VLOOKUP(C97,$CO$4:$CR$32,4,FALSE),0)+_xlfn.IFNA(VLOOKUP(C97,$CU$4:$CX$32,4,FALSE),0)+_xlfn.IFNA(VLOOKUP(C97,$DA$4:$DD$32,4,FALSE),0)+_xlfn.IFNA(VLOOKUP(C97,$DG$4:$DJ$32,4,FALSE),0)+_xlfn.IFNA(VLOOKUP(C97,$DM$4:$DP$32,4,FALSE),0)+_xlfn.IFNA(VLOOKUP(C97,$DS$4:$DV$32,4,FALSE),0) -> 39 | F97: Gerben Thijssen | G97: 48 | N97: 7 | O97: Ben Healy | P97: 15
B98: 63 | C98: Oier Lazkano | D98: =_xlfn.IFNA(VLOOKUP(C98,$I$4:$L$30,4,FALSE),0)+_xlfn.IFNA(VLOOKUP(C98,$C$4:$F$28,4,FALSE),0)+_xlfn.IFNA(VLOOKUP(C98,$U$4:$X$30,4,FALSE),0)+_xlfn.IFNA(VLOOKUP(C98,$O$4:$R$30,4,FALSE),0)+_xlfn.IFNA(VLOOKUP(C98,$AA$4:$AD$30,4,FALSE),0)+_xlfn.IFNA(VLOOKUP(C98,$AG$4:$AJ$30,4,FALSE),0)+_xlfn.IFNA(VLOOKUP(C98,$AM$4:$AP$30,4,FALSE),0)+_xlfn.IFNA(VLOOKUP(C98,$AS$4:$AV$30,4,FALSE),0)+_xlfn.IFNA(VLOOKUP(C98,$AY$4:$BB$30,4,FALSE),0)+_xlfn.IFNA(VLOOKUP(C98,$BE$4:$BH$29,4,FALSE),0)+_xlfn.IFNA(VLOOKUP(C98,$BK$4:$BN$31,4,FALSE),0)+_xlfn.IFNA(VLOOKUP(C98,$BQ$4:$BT$32,4,FALSE),0)+_xlfn.IFNA(VLOOKUP(C98,$BW$4:$BZ$32,4,FALSE),0)+_xlfn.IFNA(VLOOKUP(C98,$CC$4:$CF$32,4,FALSE),0)+_xlfn.IFNA(VLOOKUP(C98,$CI$4:$CL$32,4,FALSE),0)+_xlfn.IFNA(VLOOKUP(C98,$CO$4:$CR$32,4,FALSE),0)+_xlfn.IFNA(VLOOKUP(C98,$CU$4:$CX$32,4,FALSE),0)+_xlfn.IFNA(VLOOKUP(C98,$DA$4:$DD$32,4,FALSE),0)+_xlfn.IFNA(VLOOKUP(C98,$DG$4:$DJ$32,4,FALSE),0)+_xlfn.IFNA(VLOOKUP(C98,$DM$4:$DP$32,4,FALSE),0)+_xlfn.IFNA(VLOOKUP(C98,$DS$4:$DV$32,4,FALSE),0) -> 54 | F98: Javier Romo | G98: 46 | N98: 8 | O98: Jordan Jegat | P98: 10
B99: 64 | C99: Elmar Reinders | D99: =_xlfn.IFNA(VLOOKUP(C99,$I$4:$L$30,4,FALSE),0)+_xlfn.IFNA(VLOOKUP(C99,$C$4:$F$28,4,FALSE),0)+_xlfn.IFNA(VLOOKUP(C99,$U$4:$X$30,4,FALSE),0)+_xlfn.IFNA(VLOOKUP(C99,$O$4:$R$30,4,FALSE),0)+_xlfn.IFNA(VLOOKUP(C99,$AA$4:$AD$30,4,FALSE),0)+_xlfn.IFNA(VLOOKUP(C99,$AG$4:$AJ$30,4,FALSE),0)+_xlfn.IFNA(VLOOKUP(C99,$AM$4:$AP$30,4,FALSE),0)+_xlfn.IFNA(VLOOKUP(C99,$AS$4:$AV$30,4,FALSE),0)+_xlfn.IFNA(VLOOKUP(C99,$AY$4:$BB$30,4,FALSE),0)+_xlfn.IFNA(VLOOKUP(C99,$BE$4:$BH$29,4,FALSE),0)+_xlfn.IFNA(VLOOKUP(C99,$BK$4:$BN$31,4,FALSE),0)+_xlfn.IFNA(VLOOKUP(C99,$BQ$4:$BT$32,4,FALSE),0)+_xlfn.IFNA(VLOOKUP(C99,$BW$4:$BZ$32,4,FALSE),0)+_xlfn.IFNA(VLOOKUP(C99,$CC$4:$CF$32,4,FALSE),0)+_xlfn.IFNA(VLOOKUP(C99,$CI$4:$CL$32,4,FALSE),0)+_xlfn.IFNA(VLOOKUP(C99,$CO$4:$CR$32,4,FALSE),0)+_xlfn.IFNA(VLOOKUP(C99,$CU$4:$CX$32,4,FALSE),0)+_xlfn.IFNA(VLOOKUP(C99,$DA$4:$DD$32,4,FALSE),0)+_xlfn.IFNA(VLOOKUP(C99,$DG$4:$DJ$32,4,FALSE),0)+_xlfn.IFNA(VLOOKUP(C99,$DM$4:$DP$32,4,FALSE),0)+_xlfn.IFNA(VLOOKUP(C99,$DS$4:$DV$32,4,FALSE),0) -> 2 | F99: Nelson Oliveira | G99: 45 | N99: 9 | O99: Tobias Johannessen | P99: 5
B100: 65 | C100: Oliver Naessen | D100: =_xlfn.IFNA(VLOOKUP(C100,$I$4:$L$30,4,FALSE),0)+_xlfn.IFNA(VLOOKUP(C100,$C$4:$F$28,4,FALSE),0)+_xlfn.IFNA(VLOOKUP(C100,$U$4:$X$30,4,FALSE),0)+_xlfn.IFNA(VLOOKUP(C100,$O$4:$R$30,4,FALSE),0)+_xlfn.IFNA(VLOOKUP(C100,$AA$4:$AD$30,4,FALSE),0)+_xlfn.IFNA(VLOOKUP(C100,$AG$4:$AJ$30,4,FALSE),0)+_xlfn.IFNA(VLOOKUP(C100,$AM$4:$AP$30,4,FALSE),0)+_xlfn.IFNA(VLOOKUP(C100,$AS$4:$AV$30,4,FALSE),0)+_xlfn.IFNA(VLOOKUP(C100,$AY$4:$BB$30,4,FALSE),0)+_xlfn.IFNA(VLOOKUP(C100,$BE$4:$BH$29,4,FALSE),0)+_xlfn.IFNA(VLOOKUP(C100,$BK$4:$BN$31,4,FALSE),0)+_xlfn.IFNA(VLOOKUP(C100,$BQ$4:$BT$32,4,FALSE),0)+_xlfn.IFNA(VLOOKUP(C100,$BW$4:$BZ$32,4,FALSE),0)+_xlfn.IFNA(VLOOKUP(C100,$CC$4:$CF$32,4,FALSE),0)+_xlfn.IFNA(VLOOKUP(C100,$CI$4:$CL$32,4,FALSE),0)+_xlfn.IFNA(VLOOKUP(C100,$CO$4:$CR$32,4,FALSE),0)+_xlfn.IFNA(VLOOKUP(C100,$CU$4:$CX$32,4,FALSE),0)+_xlfn.IFNA(VLOOKUP(C100,$DA$4:$DD$32,4,FALSE),0)+_xlfn.IFNA(VLOOKUP(C100,$DG$4:$DJ$32,4,FALSE),0)+_xlfn.IFNA(VLOOKUP(C100,$DM$4:$DP$32,4,FALSE),0)+_xlfn.IFNA(VLOOKUP(C100,$DS$4:$DV$32,4,FALSE),0) -> 15 | F100: Stefan Bissegger | G100: 45 | N100: 10 | O100: Oscar Onley | P100: 2
B101: 66 | C101: Primoz Roglic | D101: =_xlfn.IFNA(VLOOKUP(C101,$I$4:$L$30,4,FALSE),0)+_xlfn.IFNA(VLOOKUP(C101,$C$4:$F$28,4,FALSE),0)+_xlfn.IFNA(VLOOKUP(C101,$U$4:$X$30,4,FALSE),0)+_xlfn.IFNA(VLOOKUP(C101,$O$4:$R$30,4,FALSE),0)+_xlfn.IFNA(VLOOKUP(C101,$AA$4:$AD$30,4,FALSE),0)+_xlfn.IFNA(VLOOKUP(C101,$AG$4:$AJ$30,4,FALSE),0)+_xlfn.IFNA(VLOOKUP(C101,$AM$4:$AP$30,4,FALSE),0)+_xlfn.IFNA(VLOOKUP(C101,$AS$4:$AV$30,4,FALSE),0)+_xlfn.IFNA(VLOOKUP(C101,$AY$4:$BB$30,4,FALSE),0)+_xlfn.IFNA(VLOOKUP(C101,$BE$4:$BH$29,4,FALSE),0)+_xlfn.IFNA(VLOOKUP(C101,$BK$4:$BN$31,4,FALSE),0)+_xlfn.IFNA(VLOOKUP(C101,$BQ$4:$BT$32,4,FALSE),0)+_xlfn.IFNA(VLOOKUP(C101,$BW$4:$BZ$32,4,FALSE),0)+_xlfn.IFNA(VLOOKUP(C101,$CC$4:$CF$32,4,FALSE),0)+_xlfn.IFNA(VLOOKUP(C101,$CI$4:$CL$32,4,FALSE),0)+_xlfn.IFNA(VLOOKUP(C101,$CO$4:$CR$32,4,FALSE),0)+_xlfn.IFNA(VLOOKUP(C101,$CU$4:$CX$32,4,FALSE),0)+_xlfn.IFNA(VLOOKUP(C101,$DA$4:$DD$32,4,FALSE),0)+_xlfn.IFNA(VLOOKUP(C101,$DG$4:$DJ$32,4,FALSE),0)+_xlfn.IFNA(VLOOKUP(C101,$DM$4:$DP$32,4,FALSE),0)+_xlfn.IFNA(VLOOKUP(C101,$DS$4:$DV$32,4,FALSE),0) -> 175 | F101: Soren Waerenskjold | G101: 45
B102: 67 | C102: Mikel Landa | D102: =_xlfn.IFNA(VLOOKUP(C102,$I$4:$L$30,4,FALSE),0)+_xlfn.IFNA(VLOOKUP(C102,$C$4:$F$28,4,FALSE),0)+_xlfn.IFNA(VLOOKUP(C102,$U$4:$X$30,4,FALSE),0)+_xlfn.IFNA(VLOOKUP(C102,$O$4:$R$30,4,FALSE),0)+_xlfn.IFNA(VLOOKUP(C102,$AA$4:$AD$30,4,FALSE),0)+_xlfn.IFNA(VLOOKUP(C102,$AG$4:$AJ$30,4,FALSE),0)+_xlfn.IFNA(VLOOKUP(C102,$AM$4:$AP$30,4,FALSE),0)+_xlfn.IFNA(VLOOKUP(C102,$AS$4:$AV$30,4,FALSE),0)+_xlfn.IFNA(VLOOKUP(C102,$AY$4:$BB$30,4,FALSE),0)+_xlfn.IFNA(VLOOKUP(C102,$BE$4:$BH$29,4,FALSE),0)+_xlfn.IFNA(VLOOKUP(C102,$BK$4:$BN$31,4,FALSE),0)+_xlfn.IFNA(VLOOKUP(C102,$BQ$4:$BT$32,4,FALSE),0)+_xlfn.IFNA(VLOOKUP(C102,$BW$4:$BZ$32,4,FALSE),0)+_xlfn.IFNA(VLOOKUP(C102,$CC$4:$CF$32,4,FALSE),0)+_xlfn.IFNA(VLOOKUP(C102,$CI$4:$CL$32,4,FALSE),0)+_xlfn.IFNA(VLOOKUP(C102,$CO$4:$CR$32,4,FALSE),0)+_xlfn.IFNA(VLOOKUP(C102,$CU$4:$CX$32,4,FALSE),0)+_xlfn.IFNA(VLOOKUP(C102,$DA$4:$DD$32,4,FALSE),0)+_xlfn.IFNA(VLOOKUP(C102,$DG$4:$DJ$32,4,FALSE),0)+_xlfn.IFNA(VLOOKUP(C102,$DM$4:$DP$32,4,FALSE),0)+_xlfn.IFNA(VLOOKUP(C102,$DS$4:$DV$32,4,FALSE),0) -> 205 | F102: Oscar Onley | G102: 45
B103: 68 | C103: Joao Almeida | D103: =_xlfn.IFNA(VLOOKUP(C103,$I$4:$L$30,4,FALSE),0)+_xlfn.IFNA(VLOOKUP(C103,$C$4:$F$28,4,FALSE),0)+_xlfn.IFNA(VLOOKUP(C103,$U$4:$X$30,4,FALSE),0)+_xlfn.IFNA(VLOOKUP(C103,$O$4:$R$30,4,FALSE),0)+_xlfn.IFNA(VLOOKUP(C103,$AA$4:$AD$30,4,FALSE),0)+_xlfn.IFNA(VLOOKUP(C103,$AG$4:$AJ$30,4,FALSE),0)+_xlfn.IFNA(VLOOKUP(C103,$AM$4:$AP$30,4,FALSE),0)+_xlfn.IFNA(VLOOKUP(C103,$AS$4:$AV$30,4,FALSE),0)+_xlfn.IFNA(VLOOKUP(C103,$AY$4:$BB$30,4,FALSE),0)+_xlfn.IFNA(VLOOKUP(C103,$BE$4:$BH$29,4,FALSE),0)+_xlfn.IFNA(VLOOKUP(C103,$BK$4:$BN$31,4,FALSE),0)+_xlfn.IFNA(VLOOKUP(C103,$BQ$4:$BT$32,4,FALSE),0)+_xlfn.IFNA(VLOOKUP(C103,$BW$4:$BZ$32,4,FALSE),0)+_xlfn.IFNA(VLOOKUP(C103,$CC$4:$CF$32,4,FALSE),0)+_xlfn.IFNA(VLOOKUP(C103,$CI$4:$CL$32,4,FALSE),0)+_xlfn.IFNA(VLOOKUP(C103,$CO$4:$CR$32,4,FALSE),0)+_xlfn.IFNA(VLOOKUP(C103,$CU$4:$CX$32,4,FALSE),0)+_xlfn.IFNA(VLOOKUP(C103,$DA$4:$DD$32,4,FALSE),0)+_xlfn.IFNA(VLOOKUP(C103,$DG$4:$DJ$32,4,FALSE),0)+_xlfn.IFNA(VLOOKUP(C103,$DM$4:$DP$32,4,FALSE),0)+_xlfn.IFNA(VLOOKUP(C103,$DS$4:$DV$32,4,FALSE),0) -> 254 | F103: Egan Bernal | G103: 44
B104: 69 | C104: Santiago Buitrago | D104: =_xlfn.IFNA(VLOOKUP(C104,$I$4:$L$30,4,FALSE),0)+_xlfn.IFNA(VLOOKUP(C104,$C$4:$F$28,4,FALSE),0)+_xlfn.IFNA(VLOOKUP(C104,$U$4:$X$30,4,FALSE),0)+_xlfn.IFNA(VLOOKUP(C104,$O$4:$R$30,4,FALSE),0)+_xlfn.IFNA(VLOOKUP(C104,$AA$4:$AD$30,4,FALSE),0)+_xlfn.IFNA(VLOOKUP(C104,$AG$4:$AJ$30,4,FALSE),0)+_xlfn.IFNA(VLOOKUP(C104,$AM$4:$AP$30,4,FALSE),0)+_xlfn.IFNA(VLOOKUP(C104,$AS$4:$AV$30,4,FALSE),0)+_xlfn.IFNA(VLOOKUP(C104,$AY$4:$BB$30,4,FALSE),0)+_xlfn.IFNA(VLOOKUP(C104,$BE$4:$BH$29,4,FALSE),0)+_xlfn.IFNA(VLOOKUP(C104,$BK$4:$BN$31,4,FALSE),0)+_xlfn.IFNA(VLOOKUP(C104,$BQ$4:$BT$32,4,FALSE),0)+_xlfn.IFNA(VLOOKUP(C104,$BW$4:$BZ$32,4,FALSE),0)+_xlfn.IFNA(VLOOKUP(C104,$CC$4:$CF$32,4,FALSE),0)+_xlfn.IFNA(VLOOKUP(C104,$CI$4:$CL$32,4,FALSE),0)+_xlfn.IFNA(VLOOKUP(C104,$CO$4:$CR$32,4,FALSE),0)+_xlfn.IFNA(VLOOKUP(C104,$CU$4:$CX$32,4,FALSE),0)+_xlfn.IFNA(VLOOKUP(C104,$DA$4:$DD$32,4,FALSE),0)+_xlfn.IFNA(VLOOKUP(C104,$DG$4:$DJ$32,4,FALSE),0)+_xlfn.IFNA(VLOOKUP(C104,$DM$4:$DP$32,4,FALSE),0)+_xlfn.IFNA(VLOOKUP(C104,$DS$4:$DV$32,4,FALSE),0) -> 148 | F104: Tobias Johannessen | G104: 43
B105: 70 | C105: Adam Yates | D105: =_xlfn.IFNA(VLOOKUP(C105,$I$4:$L$30,4,FALSE),0)+_xlfn.IFNA(VLOOKUP(C105,$C$4:$F$28,4,FALSE),0)+_xlfn.IFNA(VLOOKUP(C105,$U$4:$X$30,4,FALSE),0)+_xlfn.IFNA(VLOOKUP(C105,$O$4:$R$30,4,FALSE),0)+_xlfn.IFNA(VLOOKUP(C105,$AA$4:$AD$30,4,FALSE),0)+_xlfn.IFNA(VLOOKUP(C105,$AG$4:$AJ$30,4,FALSE),0)+_xlfn.IFNA(VLOOKUP(C105,$AM$4:$AP$30,4,FALSE),0)+_xlfn.IFNA(VLOOKUP(C105,$AS$4:$AV$30,4,FALSE),0)+_xlfn.IFNA(VLOOKUP(C105,$AY$4:$BB$30,4,FALSE),0)+_xlfn.IFNA(VLOOKUP(C105,$BE$4:$BH$29,4,FALSE),0)+_xlfn.IFNA(VLOOKUP(C105,$BK$4:$BN$31,4,FALSE),0)+_xlfn.IFNA(VLOOKUP(C105,$BQ$4:$BT$32,4,FALSE),0)+_xlfn.IFNA(VLOOKUP(C105,$BW$4:$BZ$32,4,FALSE),0)+_xlfn.IFNA(VLOOKUP(C105,$CC$4:$CF$32,4,FALSE),0)+_xlfn.IFNA(VLOOKUP(C105,$CI$4:$CL$32,4,FALSE),0)+_xlfn.IFNA(VLOOKUP(C105,$CO$4:$CR$32,4,FALSE),0)+_xlfn.IFNA(VLOOKUP(C105,$CU$4:$CX$32,4,FALSE),0)+_xlfn.IFNA(VLOOKUP(C105,$DA$4:$DD$32,4,FALSE),0)+_xlfn.IFNA(VLOOKUP(C105,$DG$4:$DJ$32,4,FALSE),0)+_xlfn.IFNA(VLOOKUP(C105,$DM$4:$DP$32,4,FALSE),0)+_xlfn.IFNA(VLOOKUP(C105,$DS$4:$DV$32,4,FALSE),0) -> 162 | F105: Axel Laurance | G105: 43
B106: 71 | C106: Gregor Muhlberger | D106: =_xlfn.IFNA(VLOOKUP(C106,$I$4:$L$30,4,FALSE),0)+_xlfn.IFNA(VLOOKUP(C106,$C$4:$F$28,4,FALSE),0)+_xlfn.IFNA(VLOOKUP(C106,$U$4:$X$30,4,FALSE),0)+_xlfn.IFNA(VLOOKUP(C106,$O$4:$R$30,4,FALSE),0)+_xlfn.IFNA(VLOOKUP(C106,$AA$4:$AD$30,4,FALSE),0)+_xlfn.IFNA(VLOOKUP(C106,$AG$4:$AJ$30,4,FALSE),0)+_xlfn.IFNA(VLOOKUP(C106,$AM$4:$AP$30,4,FALSE),0)+_xlfn.IFNA(VLOOKUP(C106,$AS$4:$AV$30,4,FALSE),0)+_xlfn.IFNA(VLOOKUP(C106,$AY$4:$BB$30,4,FALSE),0)+_xlfn.IFNA(VLOOKUP(C106,$BE$4:$BH$29,4,FALSE),0)+_xlfn.IFNA(VLOOKUP(C106,$BK$4:$BN$31,4,FALSE),0)+_xlfn.IFNA(VLOOKUP(C106,$BQ$4:$BT$32,4,FALSE),0)+_xlfn.IFNA(VLOOKUP(C106,$BW$4:$BZ$32,4,FALSE),0)+_xlfn.IFNA(VLOOKUP(C106,$CC$4:$CF$32,4,FALSE),0)+_xlfn.IFNA(VLOOKUP(C106,$CI$4:$CL$32,4,FALSE),0)+_xlfn.IFNA(VLOOKUP(C106,$CO$4:$CR$32,4,FALSE),0)+_xlfn.IFNA(VLOOKUP(C106,$CU$4:$CX$32,4,FALSE),0)+_xlfn.IFNA(VLOOKUP(C106,$DA$4:$DD$32,4,FALSE),0)+_xlfn.IFNA(VLOOKUP(C106,$DG$4:$DJ$32,4,FALSE),0)+_xlfn.IFNA(VLOOKUP(C106,$DM$4:$DP$32,4,FALSE),0)+_xlfn.IFNA(VLOOKUP(C106,$DS$4:$DV$32,4,FALSE),0) -> 15 | F106: Jordan Jegat | G106: 43
B107: 72 | C107: Louis Meintjes | D107: =_xlfn.IFNA(VLOOKUP(C107,$I$4:$L$30,4,FALSE),0)+_xlfn.IFNA(VLOOKUP(C107,$C$4:$F$28,4,FALSE),0)+_xlfn.IFNA(VLOOKUP(C107,$U$4:$X$30,4,FALSE),0)+_xlfn.IFNA(VLOOKUP(C107,$O$4:$R$30,4,FALSE),0)+_xlfn.IFNA(VLOOKUP(C107,$AA$4:$AD$30,4,FALSE),0)+_xlfn.IFNA(VLOOKUP(C107,$AG$4:$AJ$30,4,FALSE),0)+_xlfn.IFNA(VLOOKUP(C107,$AM$4:$AP$30,4,FALSE),0)+_xlfn.IFNA(VLOOKUP(C107,$AS$4:$AV$30,4,FALSE),0)+_xlfn.IFNA(VLOOKUP(C107,$AY$4:$BB$30,4,FALSE),0)+_xlfn.IFNA(VLOOKUP(C107,$BE$4:$BH$29,4,FALSE),0)+_xlfn.IFNA(VLOOKUP(C107,$BK$4:$BN$31,4,FALSE),0)+_xlfn.IFNA(VLOOKUP(C107,$BQ$4:$BT$32,4,FALSE),0)+_xlfn.IFNA(VLOOKUP(C107,$BW$4:$BZ$32,4,FALSE),0)+_xlfn.IFNA(VLOOKUP(C107,$CC$4:$CF$32,4,FALSE),0)+_xlfn.IFNA(VLOOKUP(C107,$CI$4:$CL$32,4,FALSE),0)+_xlfn.IFNA(VLOOKUP(C107,$CO$4:$CR$32,4,FALSE),0)+_xlfn.IFNA(VLOOKUP(C107,$CU$4:$CX$32,4,FALSE),0)+_xlfn.IFNA(VLOOKUP(C107,$DA$4:$DD$32,4,FALSE),0)+_xlfn.IFNA(VLOOKUP(C107,$DG$4:$DJ$32,4,FALSE),0)+_xlfn.IFNA(VLOOKUP(C107,$DM$4:$DP$32,4,FALSE),0)+_xlfn.IFNA(VLOOKUP(C107,$DS$4:$DV$32,4,FALSE),0) -> 42 | F107: Louis Meintjes | G107: 42
B108: 73 | C108: Mark Cavendish | D108: =_xlfn.IFNA(VLOOKUP(C108,$I$4:$L$30,4,FALSE),0)+_xlfn.IFNA(VLOOKUP(C108,$C$4:$F$28,4,FALSE),0)+_xlfn.IFNA(VLOOKUP(C108,$U$4:$X$30,4,FALSE),0)+_xlfn.IFNA(VLOOKUP(C108,$O$4:$R$30,4,FALSE),0)+_xlfn.IFNA(VLOOKUP(C108,$AA$4:$AD$30,4,FALSE),0)+_xlfn.IFNA(VLOOKUP(C108,$AG$4:$AJ$30,4,FALSE),0)+_xlfn.IFNA(VLOOKUP(C108,$AM$4:$AP$30,4,FALSE),0)+_xlfn.IFNA(VLOOKUP(C108,$AS$4:$AV$30,4,FALSE),0)+_xlfn.IFNA(VLOOKUP(C108,$AY$4:$BB$30,4,FALSE),0)+_xlfn.IFNA(VLOOKUP(C108,$BE$4:$BH$29,4,FALSE),0)+_xlfn.IFNA(VLOOKUP(C108,$BK$4:$BN$31,4,FALSE),0)+_xlfn.IFNA(VLOOKUP(C108,$BQ$4:$BT$32,4,FALSE),0)+_xlfn.IFNA(VLOOKUP(C108,$BW$4:$BZ$32,4,FALSE),0)+_xlfn.IFNA(VLOOKUP(C108,$CC$4:$CF$32,4,FALSE),0)+_xlfn.IFNA(VLOOKUP(C108,$CI$4:$CL$32,4,FALSE),0)+_xlfn.IFNA(VLOOKUP(C108,$CO$4:$CR$32,4,FALSE),0)+_xlfn.IFNA(VLOOKUP(C108,$CU$4:$CX$32,4,FALSE),0)+_xlfn.IFNA(VLOOKUP(C108,$DA$4:$DD$32,4,FALSE),0)+_xlfn.IFNA(VLOOKUP(C108,$DG$4:$DJ$32,4,FALSE),0)+_xlfn.IFNA(VLOOKUP(C108,$DM$4:$DP$32,4,FALSE),0)+_xlfn.IFNA(VLOOKUP(C108,$DS$4:$DV$32,4,FALSE),0) -> 124 | F108: Steff Cras | G108: 41
B109: 74 | C109: Jasper Philipsen | D109: =_xlfn.IFNA(VLOOKUP(C109,$I$4:$L$30,4,FALSE),0)+_xlfn.IFNA(VLOOKUP(C109,$C$4:$F$28,4,FALSE),0)+_xlfn.IFNA(VLOOKUP(C109,$U$4:$X$30,4,FALSE),0)+_xlfn.IFNA(VLOOKUP(C109,$O$4:$R$30,4,FALSE),0)+_xlfn.IFNA(VLOOKUP(C109,$AA$4:$AD$30,4,FALSE),0)+_xlfn.IFNA(VLOOKUP(C109,$AG$4:$AJ$30,4,FALSE),0)+_xlfn.IFNA(VLOOKUP(C109,$AM$4:$AP$30,4,FALSE),0)+_xlfn.IFNA(VLOOKUP(C109,$AS$4:$AV$30,4,FALSE),0)+_xlfn.IFNA(VLOOKUP(C109,$AY$4:$BB$30,4,FALSE),0)+_xlfn.IFNA(VLOOKUP(C109,$BE$4:$BH$29,4,FALSE),0)+_xlfn.IFNA(VLOOKUP(C109,$BK$4:$BN$31,4,FALSE),0)+_xlfn.IFNA(VLOOKUP(C109,$BQ$4:$BT$32,4,FALSE),0)+_xlfn.IFNA(VLOOKUP(C109,$BW$4:$BZ$32,4,FALSE),0)+_xlfn.IFNA(VLOOKUP(C109,$CC$4:$CF$32,4,FALSE),0)+_xlfn.IFNA(VLOOKUP(C109,$CI$4:$CL$32,4,FALSE),0)+_xlfn.IFNA(VLOOKUP(C109,$CO$4:$CR$32,4,FALSE),0)+_xlfn.IFNA(VLOOKUP(C109,$CU$4:$CX$32,4,FALSE),0)+_xlfn.IFNA(VLOOKUP(C109,$DA$4:$DD$32,4,FALSE),0)+_xlfn.IFNA(VLOOKUP(C109,$DG$4:$DJ$32,4,FALSE),0)+_xlfn.IFNA(VLOOKUP(C109,$DM$4:$DP$32,4,FALSE),0)+_xlfn.IFNA(VLOOKUP(C109,$DS$4:$DV$32,4,FALSE),0) -> 515 | F109: Axel Zingle | G109: 39
B110: 75 | C110: Alexander Kristoff | D110: =_xlfn.IFNA(VLOOKUP(C110,$I$4:$L$30,4,FALSE),0)+_xlfn.IFNA(VLOOKUP(C110,$C$4:$F$28,4,FALSE),0)+_xlfn.IFNA(VLOOKUP(C110,$U$4:$X$30,4,FALSE),0)+_xlfn.IFNA(VLOOKUP(C110,$O$4:$R$30,4,FALSE),0)+_xlfn.IFNA(VLOOKUP(C110,$AA$4:$AD$30,4,FALSE),0)+_xlfn.IFNA(VLOOKUP(C110,$AG$4:$AJ$30,4,FALSE),0)+_xlfn.IFNA(VLOOKUP(C110,$AM$4:$AP$30,4,FALSE),0)+_xlfn.IFNA(VLOOKUP(C110,$AS$4:$AV$30,4,FALSE),0)+_xlfn.IFNA(VLOOKUP(C110,$AY$4:$BB$30,4,FALSE),0)+_xlfn.IFNA(VLOOKUP(C110,$BE$4:$BH$29,4,FALSE),0)+_xlfn.IFNA(VLOOKUP(C110,$BK$4:$BN$31,4,FALSE),0)+_xlfn.IFNA(VLOOKUP(C110,$BQ$4:$BT$32,4,FALSE),0)+_xlfn.IFNA(VLOOKUP(C110,$BW$4:$BZ$32,4,FALSE),0)+_xlfn.IFNA(VLOOKUP(C110,$CC$4:$CF$32,4,FALSE),0)+_xlfn.IFNA(VLOOKUP(C110,$CI$4:$CL$32,4,FALSE),0)+_xlfn.IFNA(VLOOKUP(C110,$CO$4:$CR$32,4,FALSE),0)+_xlfn.IFNA(VLOOKUP(C110,$CU$4:$CX$32,4,FALSE),0)+_xlfn.IFNA(VLOOKUP(C110,$DA$4:$DD$32,4,FALSE),0)+_xlfn.IFNA(VLOOKUP(C110,$DG$4:$DJ$32,4,FALSE),0)+_xlfn.IFNA(VLOOKUP(C110,$DM$4:$DP$32,4,FALSE),0)+_xlfn.IFNA(VLOOKUP(C110,$DS$4:$DV$32,4,FALSE),0) -> 214 | F110: Michael Matthews | G110: 38
B111: 76 | C111: Arnaud Demare | D111: =_xlfn.IFNA(VLOOKUP(C111,$I$4:$L$30,4,FALSE),0)+_xlfn.IFNA(VLOOKUP(C111,$C$4:$F$28,4,FALSE),0)+_xlfn.IFNA(VLOOKUP(C111,$U$4:$X$30,4,FALSE),0)+_xlfn.IFNA(VLOOKUP(C111,$O$4:$R$30,4,FALSE),0)+_xlfn.IFNA(VLOOKUP(C111,$AA$4:$AD$30,4,FALSE),0)+_xlfn.IFNA(VLOOKUP(C111,$AG$4:$AJ$30,4,FALSE),0)+_xlfn.IFNA(VLOOKUP(C111,$AM$4:$AP$30,4,FALSE),0)+_xlfn.IFNA(VLOOKUP(C111,$AS$4:$AV$30,4,FALSE),0)+_xlfn.IFNA(VLOOKUP(C111,$AY$4:$BB$30,4,FALSE),0)+_xlfn.IFNA(VLOOKUP(C111,$BE$4:$BH$29,4,FALSE),0)+_xlfn.IFNA(VLOOKUP(C111,$BK$4:$BN$31,4,FALSE),0)+_xlfn.IFNA(VLOOKUP(C111,$BQ$4:$BT$32,4,FALSE),0)+_xlfn.IFNA(VLOOKUP(C111,$BW$4:$BZ$32,4,FALSE),0)+_xlfn.IFNA(VLOOKUP(C111,$CC$4:$CF$32,4,FALSE),0)+_xlfn.IFNA(VLOOKUP(C111,$CI$4:$CL$32,4,FALSE),0)+_xlfn.IFNA(VLOOKUP(C111,$CO$4:$CR$32,4,FALSE),0)+_xlfn.IFNA(VLOOKUP(C111,$CU$4:$CX$32,4,FALSE),0)+_xlfn.IFNA(VLOOKUP(C111,$DA$4:$DD$32,4,FALSE),0)+_xlfn.IFNA(VLOOKUP(C111,$DG$4:$DJ$32,4,FALSE),0)+_xlfn.IFNA(VLOOKUP(C111,$DM$4:$DP$32,4,FALSE),0)+_xlfn.IFNA(VLOOKUP(C111,$DS$4:$DV$32,4,FALSE),0) -> 83 | F111: Wilco Kelderman | G111: 37
B112: 77 | C112: Stefan Bissegger | D112: =_xlfn.IFNA(VLOOKUP(C112,$I$4:$L$30,4,FALSE),0)+_xlfn.IFNA(VLOOKUP(C112,$C$4:$F$28,4,FALSE),0)+_xlfn.IFNA(VLOOKUP(C112,$U$4:$X$30,4,FALSE),0)+_xlfn.IFNA(VLOOKUP(C112,$O$4:$R$30,4,FALSE),0)+_xlfn.IFNA(VLOOKUP(C112,$AA$4:$AD$30,4,FALSE),0)+_xlfn.IFNA(VLOOKUP(C112,$AG$4:$AJ$30,4,FALSE),0)+_xlfn.IFNA(VLOOKUP(C112,$AM$4:$AP$30,4,FALSE),0)+_xlfn.IFNA(VLOOKUP(C112,$AS$4:$AV$30,4,FALSE),0)+_xlfn.IFNA(VLOOKUP(C112,$AY$4:$BB$30,4,FALSE),0)+_xlfn.IFNA(VLOOKUP(C112,$BE$4:$BH$29,4,FALSE),0)+_xlfn.IFNA(VLOOKUP(C112,$BK$4:$BN$31,4,FALSE),0)+_xlfn.IFNA(VLOOKUP(C112,$BQ$4:$BT$32,4,FALSE),0)+_xlfn.IFNA(VLOOKUP(C112,$BW$4:$BZ$32,4,FALSE),0)+_xlfn.IFNA(VLOOKUP(C112,$CC$4:$CF$32,4,FALSE),0)+_xlfn.IFNA(VLOOKUP(C112,$CI$4:$CL$32,4,FALSE),0)+_xlfn.IFNA(VLOOKUP(C112,$CO$4:$CR$32,4,FALSE),0)+_xlfn.IFNA(VLOOKUP(C112,$CU$4:$CX$32,4,FALSE),0)+_xlfn.IFNA(VLOOKUP(C112,$DA$4:$DD$32,4,FALSE),0)+_xlfn.IFNA(VLOOKUP(C112,$DG$4:$DJ$32,4,FALSE),0)+_xlfn.IFNA(VLOOKUP(C112,$DM$4:$DP$32,4,FALSE),0)+_xlfn.IFNA(VLOOKUP(C112,$DS$4:$DV$32,4,FALSE),0) -> 45 | F112: Aleksandr Vlasov | G112: 36
... B173: 138 | C173: Krists Neilands | D173: =_xlfn.IFNA(VLOOKUP(C173,$I$4:$L$30,4,FALSE),0)+_xlfn.IFNA(VLOOKUP(C173,$C$4:$F$28,4,FALSE),0)+_xlfn.IFNA(VLOOKUP(C173,$U$4:$X$30,4,FALSE),0)+_xlfn.IFNA(VLOOKUP(C173,$O$4:$R$30,4,FALSE),0)+_xlfn.IFNA(VLOOKUP(C173,$AA$4:$AD$30,4,FALSE),0)+_xlfn.IFNA(VLOOKUP(C173,$AG$4:$AJ$30,4,FALSE),0)+_xlfn.IFNA(VLOOKUP(C173,$AM$4:$AP$30,4,FALSE),0)+_xlfn.IFNA(VLOOKUP(C173,$AS$4:$AV$30,4,FALSE),0)+_xlfn.IFNA(VLOOKUP(C173,$AY$4:$BB$30,4,FALSE),0)+_xlfn.IFNA(VLOOKUP(C173,$BE$4:$BH$29,4,FALSE),0)+_xlfn.IFNA(VLOOKUP(C173,$BK$4:$BN$31,4,FALSE),0)+_xlfn.IFNA(VLOOKUP(C173,$BQ$4:$BT$32,4,FALSE),0)+_xlfn.IFNA(VLOOKUP(C173,$BW$4:$BZ$32,4,FALSE),0)+_xlfn.IFNA(VLOOKUP(C173,$CC$4:$CF$32,4,FALSE),0)+_xlfn.IFNA(VLOOKUP(C173,$CI$4:$CL$32,4,FALSE),0)+_xlfn.IFNA(VLOOKUP(C173,$CO$4:$CR$32,4,FALSE),0)+_xlfn.IFNA(VLOOKUP(C173,$CU$4:$CX$32,4,FALSE),0)+_xlfn.IFNA(VLOOKUP(C173,$DA$4:$DD$32,4,FALSE),0)+_xlfn.IFNA(VLOOKUP(C173,$DG$4:$DJ$32,4,FALSE),0)+_xlfn.IFNA(VLOOKUP(C173,$DM$4:$DP$32,4,FALSE),0)+_xlfn.IFNA(VLOOKUP(C173,$DS$4:$DV$32,4,FALSE),0) -> 30 | F173: Harm Vanhoucke | G173: 3
B174: 139 | C174: Dorian Godon | D174: =_xlfn.IFNA(VLOOKUP(C174,$I$4:$L$30,4,FALSE),0)+_xlfn.IFNA(VLOOKUP(C174,$C$4:$F$28,4,FALSE),0)+_xlfn.IFNA(VLOOKUP(C174,$U$4:$X$30,4,FALSE),0)+_xlfn.IFNA(VLOOKUP(C174,$O$4:$R$30,4,FALSE),0)+_xlfn.IFNA(VLOOKUP(C174,$AA$4:$AD$30,4,FALSE),0)+_xlfn.IFNA(VLOOKUP(C174,$AG$4:$AJ$30,4,FALSE),0)+_xlfn.IFNA(VLOOKUP(C174,$AM$4:$AP$30,4,FALSE),0)+_xlfn.IFNA(VLOOKUP(C174,$AS$4:$AV$30,4,FALSE),0)+_xlfn.IFNA(VLOOKUP(C174,$AY$4:$BB$30,4,FALSE),0)+_xlfn.IFNA(VLOOKUP(C174,$BE$4:$BH$29,4,FALSE),0)+_xlfn.IFNA(VLOOKUP(C174,$BK$4:$BN$31,4,FALSE),0)+_xlfn.IFNA(VLOOKUP(C174,$BQ$4:$BT$32,4,FALSE),0)+_xlfn.IFNA(VLOOKUP(C174,$BW$4:$BZ$32,4,FALSE),0)+_xlfn.IFNA(VLOOKUP(C174,$CC$4:$CF$32,4,FALSE),0)+_xlfn.IFNA(VLOOKUP(C174,$CI$4:$CL$32,4,FALSE),0)+_xlfn.IFNA(VLOOKUP(C174,$CO$4:$CR$32,4,FALSE),0)+_xlfn.IFNA(VLOOKUP(C174,$CU$4:$CX$32,4,FALSE),0)+_xlfn.IFNA(VLOOKUP(C174,$DA$4:$DD$32,4,FALSE),0)+_xlfn.IFNA(VLOOKUP(C174,$DG$4:$DJ$32,4,FALSE),0)+_xlfn.IFNA(VLOOKUP(C174,$DM$4:$DP$32,4,FALSE),0) -> 15 | F174: Elmar Reinders | G174: 2
B175: 140 | C175: Clement Champoussin | D175: =_xlfn.IFNA(VLOOKUP(C175,$I$4:$L$30,4,FALSE),0)+_xlfn.IFNA(VLOOKUP(C175,$C$4:$F$28,4,FALSE),0)+_xlfn.IFNA(VLOOKUP(C175,$U$4:$X$30,4,FALSE),0)+_xlfn.IFNA(VLOOKUP(C175,$O$4:$R$30,4,FALSE),0)+_xlfn.IFNA(VLOOKUP(C175,$AA$4:$AD$30,4,FALSE),0)+_xlfn.IFNA(VLOOKUP(C175,$AG$4:$AJ$30,4,FALSE),0)+_xlfn.IFNA(VLOOKUP(C175,$AM$4:$AP$30,4,FALSE),0)+_xlfn.IFNA(VLOOKUP(C175,$AS$4:$AV$30,4,FALSE),0)+_xlfn.IFNA(VLOOKUP(C175,$AY$4:$BB$30,4,FALSE),0)+_xlfn.IFNA(VLOOKUP(C175,$BE$4:$BH$29,4,FALSE),0)+_xlfn.IFNA(VLOOKUP(C175,$BK$4:$BN$31,4,FALSE),0)+_xlfn.IFNA(VLOOKUP(C175,$BQ$4:$BT$32,4,FALSE),0)+_xlfn.IFNA(VLOOKUP(C175,$BW$4:$BZ$32,4,FALSE),0)+_xlfn.IFNA(VLOOKUP(C175,$CC$4:$CF$32,4,FALSE),0)+_xlfn.IFNA(VLOOKUP(C175,$CI$4:$CL$32,4,FALSE),0)+_xlfn.IFNA(VLOOKUP(C175,$CO$4:$CR$32,4,FALSE),0)+_xlfn.IFNA(VLOOKUP(C175,$CU$4:$CX$32,4,FALSE),0)+_xlfn.IFNA(VLOOKUP(C175,$DA$4:$DD$32,4,FALSE),0)+_xlfn.IFNA(VLOOKUP(C175,$DG$4:$DJ$32,4,FALSE),0)+_xlfn.IFNA(VLOOKUP(C175,$DM$4:$DP$32,4,FALSE),0) -> 10 | F175: Marco Haller | G175: 2
...

Sheet Grafieken

Sheet Blad1
A3: Scenario 1
A4: Dezelfde renner heeft elke rit 1 van de 4 truien én wint het eindklassement van zijn trui
B6: Ritten | C6: Algemeen | D6: Sprint | E6: Berg | F6: Jongeren | I6: Ritten | J6: Algemeen | K6: Sprint | L6: Berg | M6: Jongeren | P6: Ritten | Q6: Algemeen | R6: Sprint | S6: Berg | T6: Jongeren
B7: Rit 1 | C7: 20 | D7: 10 | E7: 10 | F7: 5 | I7: Rit 1 | J7: 10 | K7: 10 | L7: 10 | M7: 10 | P7: Rit 1 | Q7: 12 | R7: 10 | S7: 10 | T7: 10
B8: Rit 2 | C8: 20 | D8: 10 | E8: 10 | F8: 5 | I8: Rit 2 | J8: 10 | K8: 10 | L8: 10 | M8: 10 | P8: Rit 2 | Q8: 12 | R8: 10 | S8: 10 | T8: 10
B9: Rit 3 | C9: 20 | D9: 10 | E9: 10 | F9: 5 | I9: Rit 3 | J9: 10 | K9: 10 | L9: 10 | M9: 10 | P9: Rit 3 | Q9: 12 | R9: 10 | S9: 10 | T9: 10
B10: Rit 4 | C10: 20 | D10: 10 | E10: 10 | F10: 5 | I10: Rit 4 | J10: 10 | K10: 10 | L10: 10 | M10: 10 | P10: Rit 4 | Q10: 12 | R10: 10 | S10: 10 | T10: 10
B11: Rit 5 | C11: 20 | D11: 10 | E11: 10 | F11: 5 | I11: Rit 5 | J11: 10 | K11: 10 | L11: 10 | M11: 10 | P11: Rit 5 | Q11: 12 | R11: 10 | S11: 10 | T11: 10
B12: Rit 6 | C12: 20 | D12: 10 | E12: 10 | F12: 5 | I12: Rit 6 | J12: 10 | K12: 10 | L12: 10 | M12: 10 | P12: Rit 6 | Q12: 12 | R12: 10 | S12: 10 | T12: 10
B13: Rit 7 | C13: 20 | D13: 10 | E13: 10 | F13: 5 | I13: Rit 7 | J13: 10 | K13: 10 | L13: 10 | M13: 10 | P13: Rit 7 | Q13: 12 | R13: 10 | S13: 10 | T13: 10
B14: Rit 8 | C14: 20 | D14: 10 | E14: 10 | F14: 5 | I14: Rit 8 | J14: 10 | K14: 10 | L14: 10 | M14: 10 | P14: Rit 8 | Q14: 12 | R14: 10 | S14: 10 | T14: 10
B15: Rit 9 | C15: 20 | D15: 10 | E15: 10 | F15: 5 | I15: Rit 9 | J15: 10 | K15: 10 | L15: 10 | M15: 10 | P15: Rit 9 | Q15: 12 | R15: 10 | S15: 10 | T15: 10
B16: Rit 10 | C16: 20 | D16: 10 | E16: 10 | F16: 5 | I16: Rit 10 | J16: 10 | K16: 10 | L16: 10 | M16: 10 | P16: Rit 10 | Q16: 12 | R16: 10 | S16: 10 | T16: 10
B17: Rit 11 | C17: 20 | D17: 10 | E17: 10 | F17: 5 | I17: Rit 11 | J17: 10 | K17: 10 | L17: 10 | M17: 10 | P17: Rit 11 | Q17: 12 | R17: 10 | S17: 10 | T17: 10
B18: Rit 12 | C18: 20 | D18: 10 | E18: 10 | F18: 5 | I18: Rit 12 | J18: 10 | K18: 10 | L18: 10 | M18: 10 | P18: Rit 12 | Q18: 12 | R18: 10 | S18: 10 | T18: 10
... B27: Rit 21 | C27: 20 | D27: 10 | E27: 10 | F27: 5 | I27: Rit 21 | J27: 10 | K27: 10 | L27: 10 | M27: 10 | P27: Rit 21 | Q27: 12 | R27: 10 | S27: 10 | T27: 10
B29: Totale ritverdeling | C29: =SUM(C7:C27) -> 420 | D29: =SUM(D7:D27) -> 210 | E29: =SUM(E7:E27) -> 210 | F29: =SUM(F7:F27) -> 105 | I29: Totale ritverdeling | J29: =SUM(J7:J27) -> 210 | K29: =SUM(K7:K27) -> 210 | L29: =SUM(L7:L27) -> 210 | M29: =SUM(M7:M27) -> 210 | P29: Totale ritverdeling | Q29: =SUM(Q7:Q27) -> 252 | R29: =SUM(R7:R27) -> 210 | S29: =SUM(S7:S27) -> 210 | T29: =SUM(T7:T27) -> 210
B30: Eindafrekening | C30: 300 | D30: 150 | E30: 100 | F30: 80 | I30: Eindafrekening | J30: 300 | K30: 150 | L30: 100 | M30: 80 | P30: Eindafrekening | Q30: 300 | R30: 150 | S30: 100 | T30: 80
B32: MAX totaal/trui | C32: =SUM(C29,C30) -> 720 | D32: =SUM(D29,D30) -> 360 | E32: =SUM(E29,E30) -> 310 | F32: =SUM(F29,F30) -> 185 | I32: MAX totaal/trui | J32: =SUM(J29,J30) -> 510 | K32: =SUM(K29,K30) -> 360 | L32: =SUM(L29,L30) -> 310 | M32: =SUM(M29,M30) -> 290 | P32: MAX totaal/trui | Q32: =SUM(Q29,Q30) -> 552 | R32: =SUM(R29,R30) -> 360 | S32: =SUM(S29,S30) -> 310 | T32: =SUM(T29,T30) -> 290
A36: Scenario 2
A37: Dezelfde renner heeft slechts de helft van de ritten (10) 1 van de 4 truien én wint het eindklassement van zijn trui
B39: Ritten | C39: Algemeen | D39: Sprint | E39: Berg | F39: Jongeren | I39: Ritten | J39: Algemeen | K39: Sprint | L39: Berg | M39: Jongeren | P39: Ritten | Q39: Algemeen | R39: Sprint | S39: Berg | T39: Jongeren
B40: Rit 1 | C40: 20 | D40: 10 | E40: 10 | F40: 5 | I40: Rit 1 | J40: 10 | K40: 10 | L40: 10 | M40: 10 | P40: Rit 1 | Q40: 12 | R40: 10 | S40: 10 | T40: 10
B41: Rit 2 | C41: 20 | D41: 10 | E41: 10 | F41: 5 | I41: Rit 2 | J41: 10 | K41: 10 | L41: 10 | M41: 10 | P41: Rit 2 | Q41: 12 | R41: 10 | S41: 10 | T41: 10
B42: Rit 3 | C42: 20 | D42: 10 | E42: 10 | F42: 5 | I42: Rit 3 | J42: 10 | K42: 10 | L42: 10 | M42: 10 | P42: Rit 3 | Q42: 12 | R42: 10 | S42: 10 | T42: 10
B43: Rit 4 | C43: 20 | D43: 10 | E43: 10 | F43: 5 | I43: Rit 4 | J43: 10 | K43: 10 | L43: 10 | M43: 10 | P43: Rit 4 | Q43: 12 | R43: 10 | S43: 10 | T43: 10
B44: Rit 5 | C44: 20 | D44: 10 | E44: 10 | F44: 5 | I44: Rit 5 | J44: 10 | K44: 10 | L44: 10 | M44: 10 | P44: Rit 5 | Q44: 12 | R44: 10 | S44: 10 | T44: 10
B45: Rit 6 | C45: 20 | D45: 10 | E45: 10 | F45: 5 | I45: Rit 6 | J45: 10 | K45: 10 | L45: 10 | M45: 10 | P45: Rit 6 | Q45: 12 | R45: 10 | S45: 10 | T45: 10
B46: Rit 7 | C46: 20 | D46: 10 | E46: 10 | F46: 5 | I46: Rit 7 | J46: 10 | K46: 10 | L46: 10 | M46: 10 | P46: Rit 7 | Q46: 12 | R46: 10 | S46: 10 | T46: 10
B47: Rit 8 | C47: 20 | D47: 10 | E47: 10 | F47: 5 | I47: Rit 8 | J47: 10 | K47: 10 | L47: 10 | M47: 10 | P47: Rit 8 | Q47: 12 | R47: 10 | S47: 10 | T47: 10
B48: Rit 9 | C48: 20 | D48: 10 | E48: 10 | F48: 5 | I48: Rit 9 | J48: 10 | K48: 10 | L48: 10 | M48: 10 | P48: Rit 9 | Q48: 12 | R48: 10 | S48: 10 | T48: 10
B49: Rit 10 | C49: 20 | D49: 10 | E49: 10 | F49: 5 | I49: Rit 10 | J49: 10 | K49: 10 | L49: 10 | M49: 10 | P49: Rit 10 | Q49: 12 | R49: 10 | S49: 10 | T49: 10
B50: Rit 11 | I50: Rit 11 | P50: Rit 11
B51: Rit 12 | I51: Rit 12 | P51: Rit 12
B52: Rit 13 | I52: Rit 13 | P52: Rit 13
B53: Rit 14 | I53: Rit 14 | P53: Rit 14
B54: Rit 15 | I54: Rit 15 | P54: Rit 15
B55: Rit 16 | I55: Rit 16 | P55: Rit 16
B56: Rit 17 | I56: Rit 17 | P56: Rit 17
B57: Rit 18 | I57: Rit 18 | P57: Rit 18
B58: Rit 19 | I58: Rit 19 | P58: Rit 19
B59: Rit 20 | I59: Rit 20 | P59: Rit 20
B60: Rit 21 | I60: Rit 21 | P60: Rit 21
B62: Totale ritverdeling | C62: =SUM(C40:C60) -> 200 | D62: =SUM(D40:D60) -> 100 | E62: =SUM(E40:E60) -> 100 | F62: =SUM(F40:F60) -> 50 | I62: Totale ritverdeling | J62: =SUM(J40:J60) -> 100 | K62: =SUM(K40:K60) -> 100 | L62: =SUM(L40:L60) -> 100 | M62: =SUM(M40:M60) -> 100 | P62: Totale ritverdeling | Q62: =SUM(Q40:Q60) -> 120 | R62: =SUM(R40:R60) -> 100 | S62: =SUM(S40:S60) -> 100 | T62: =SUM(T40:T60) -> 100
B63: Eindafrekening | C63: 300 | D63: 150 | E63: 100 | F63: 80 | I63: Eindafrekening | J63: 300 | K63: 150 | L63: 100 | M63: 80 | P63: Eindafrekening | Q63: 300 | R63: 150 | S63: 100 | T63: 80
B65: MAX totaal/trui | C65: =SUM(C62,C63) -> 500 | D65: =SUM(D62,D63) -> 250 | E65: =SUM(E62,E63) -> 200 | F65: =SUM(F62,F63) -> 130 | I65: MAX totaal/trui | J65: =SUM(J62,J63) -> 400 | K65: =SUM(K62,K63) -> 250 | L65: =SUM(L62,L63) -> 200 | M65: =SUM(M62,M63) -> 180 | P65: MAX totaal/trui | Q65: =SUM(Q62,Q63) -> 420 | R65: =SUM(R62,R63) -> 250 | S65: =SUM(S62,S63) -> 200 | T65: =SUM(T62,T63) -> 180
A68: Scenario 3
A69: Dezelfde renner heeft slechts een kwart van de ritten (5) 1 van de 4 truien én wint het eindklassement van zijn trui
B71: Ritten | C71: Algemeen | D71: Sprint | E71: Berg | F71: Jongeren | I71: Ritten | J71: Algemeen | K71: Sprint | L71: Berg | M71: Jongeren | P71: Ritten | Q71: Algemeen | R71: Sprint | S71: Berg | T71: Jongeren
B72: Rit 1 | C72: 20 | D72: 10 | E72: 10 | F72: 5 | I72: Rit 1 | J72: 10 | K72: 10 | L72: 10 | M72: 10 | P72: Rit 1 | Q72: 12 | R72: 10 | S72: 10 | T72: 10
B73: Rit 2 | C73: 20 | D73: 10 | E73: 10 | F73: 5 | I73: Rit 2 | J73: 10 | K73: 10 | L73: 10 | M73: 10 | P73: Rit 2 | Q73: 12 | R73: 10 | S73: 10 | T73: 10
B74: Rit 3 | C74: 20 | D74: 10 | E74: 10 | F74: 5 | I74: Rit 3 | J74: 10 | K74: 10 | L74: 10 | M74: 10 | P74: Rit 3 | Q74: 12 | R74: 10 | S74: 10 | T74: 10
B75: Rit 4 | C75: 20 | D75: 10 | E75: 10 | F75: 5 | I75: Rit 4 | J75: 10 | K75: 10 | L75: 10 | M75: 10 | P75: Rit 4 | Q75: 12 | R75: 10 | S75: 10 | T75: 10
B76: Rit 5 | C76: 20 | D76: 10 | E76: 10 | F76: 5 | I76: Rit 5 | J76: 10 | K76: 10 | L76: 10 | M76: 10 | P76: Rit 5 | Q76: 12 | R76: 10 | S76: 10 | T76: 10
B77: Rit 6 | I77: Rit 6 | P77: Rit 6
B78: Rit 7 | I78: Rit 7 | P78: Rit 7
B79: Rit 8 | I79: Rit 8 | P79: Rit 8
B80: Rit 9 | I80: Rit 9 | P80: Rit 9
B81: Rit 10 | I81: Rit 10 | P81: Rit 10
B82: Rit 11 | I82: Rit 11 | P82: Rit 11
B83: Rit 12 | I83: Rit 12 | P83: Rit 12
B84: Rit 13 | I84: Rit 13 | P84: Rit 13
B85: Rit 14 | I85: Rit 14 | P85: Rit 14
B86: Rit 15 | I86: Rit 15 | P86: Rit 15
B87: Rit 16 | I87: Rit 16 | P87: Rit 16
B88: Rit 17 | I88: Rit 17 | P88: Rit 17
... B92: Rit 21 | I92: Rit 21 | P92: Rit 21
B94: Totale ritverdeling | C94: =SUM(C72:C92) -> 100 | D94: =SUM(D72:D92) -> 50 | E94: =SUM(E72:E92) -> 50 | F94: =SUM(F72:F92) -> 25 | I94: Totale ritverdeling | J94: =SUM(J72:J92) -> 50 | K94: =SUM(K72:K92) -> 50 | L94: =SUM(L72:L92) -> 50 | M94: =SUM(M72:M92) -> 50 | P94: Totale ritverdeling | Q94: =SUM(Q72:Q92) -> 60 | R94: =SUM(R72:R92) -> 50 | S94: =SUM(S72:S92) -> 50 | T94: =SUM(T72:T92) -> 50
B95: Eindafrekening | C95: 300 | D95: 150 | E95: 100 | F95: 80 | I95: Eindafrekening | J95: 300 | K95: 150 | L95: 100 | M95: 80 | P95: Eindafrekening | Q95: 300 | R95: 150 | S95: 100 | T95: 80
B97: MAX totaal/trui | C97: =SUM(C94,C95) -> 400 | D97: =SUM(D94,D95) -> 200 | E97: =SUM(E94,E95) -> 150 | F97: =SUM(F94,F95) -> 105 | I97: MAX totaal/trui | J97: =SUM(J94,J95) -> 350 | K97: =SUM(K94,K95) -> 200 | L97: =SUM(L94,L95) -> 150 | M97: =SUM(M94,M95) -> 130 | P97: MAX totaal/trui | Q97: =SUM(Q94,Q95) -> 360 | R97: =SUM(R94,R95) -> 200 | S97: =SUM(S94,S95) -> 150 | T97: =SUM(T94,T95) -> 130
A100: Scenario 4
A101: Dezelfde renner heeft slechts de helft van de ritten (10) 1 van de 4 truien én is slechts derde in het eindklassement
B103: Ritten | C103: Algemeen | D103: Sprint | E103: Berg | F103: Jongeren | I103: Ritten | J103: Algemeen | K103: Sprint | L103: Berg | M103: Jongeren | P103: Ritten | Q103: Algemeen | R103: Sprint | S103: Berg | T103: Jongeren
B104: Rit 1 | C104: 20 | D104: 10 | E104: 10 | F104: 5 | I104: Rit 1 | J104: 10 | K104: 10 | L104: 10 | M104: 10 | P104: Rit 1 | Q104: 12 | R104: 10 | S104: 10 | T104: 10
B105: Rit 2 | C105: 20 | D105: 10 | E105: 10 | F105: 5 | I105: Rit 2 | J105: 10 | K105: 10 | L105: 10 | M105: 10 | P105: Rit 2 | Q105: 12 | R105: 10 | S105: 10 | T105: 10
B106: Rit 3 | C106: 20 | D106: 10 | E106: 10 | F106: 5 | I106: Rit 3 | J106: 10 | K106: 10 | L106: 10 | M106: 10 | P106: Rit 3 | Q106: 12 | R106: 10 | S106: 10 | T106: 10
B107: Rit 4 | C107: 20 | D107: 10 | E107: 10 | F107: 5 | I107: Rit 4 | J107: 10 | K107: 10 | L107: 10 | M107: 10 | P107: Rit 4 | Q107: 12 | R107: 10 | S107: 10 | T107: 10
B108: Rit 5 | C108: 20 | D108: 10 | E108: 10 | F108: 5 | I108: Rit 5 | J108: 10 | K108: 10 | L108: 10 | M108: 10 | P108: Rit 5 | Q108: 12 | R108: 10 | S108: 10 | T108: 10
B109: Rit 6 | C109: 20 | D109: 10 | E109: 10 | F109: 5 | I109: Rit 6 | J109: 10 | K109: 10 | L109: 10 | M109: 10 | P109: Rit 6 | Q109: 12 | R109: 10 | S109: 10 | T109: 10
B110: Rit 7 | C110: 20 | D110: 10 | E110: 10 | F110: 5 | I110: Rit 7 | J110: 10 | K110: 10 | L110: 10 | M110: 10 | P110: Rit 7 | Q110: 12 | R110: 10 | S110: 10 | T110: 10
B111: Rit 8 | C111: 20 | D111: 10 | E111: 10 | F111: 5 | I111: Rit 8 | J111: 10 | K111: 10 | L111: 10 | M111: 10 | P111: Rit 8 | Q111: 12 | R111: 10 | S111: 10 | T111: 10
B112: Rit 9 | C112: 20 | D112: 10 | E112: 10 | F112: 5 | I112: Rit 9 | J112: 10 | K112: 10 | L112: 10 | M112: 10 | P112: Rit 9 | Q112: 12 | R112: 10 | S112: 10 | T112: 10
B113: Rit 10 | C113: 20 | D113: 10 | E113: 10 | F113: 5 | I113: Rit 10 | J113: 10 | K113: 10 | L113: 10 | M113: 10 | P113: Rit 10 | Q113: 12 | R113: 10 | S113: 10 | T113: 10
B114: Rit 11 | I114: Rit 11 | P114: Rit 11
B115: Rit 12 | I115: Rit 12 | P115: Rit 12
B116: Rit 13 | I116: Rit 13 | P116: Rit 13
B117: Rit 14 | I117: Rit 14 | P117: Rit 14
B118: Rit 15 | I118: Rit 15 | P118: Rit 15
B119: Rit 16 | I119: Rit 16 | P119: Rit 16
B120: Rit 17 | I120: Rit 17 | P120: Rit 17
B121: Rit 18 | I121: Rit 18 | P121: Rit 18
B122: Rit 19 | I122: Rit 19 | P122: Rit 19
B123: Rit 20 | I123: Rit 20 | P123: Rit 20
B124: Rit 21 | I124: Rit 21 | P124: Rit 21
B126: Totale ritverdeling | C126: =SUM(C104:C124) -> 200 | D126: =SUM(D104:D124) -> 100 | E126: =SUM(E104:E124) -> 100 | F126: =SUM(F104:F124) -> 50 | I126: Totale ritverdeling | J126: =SUM(J104:J124) -> 100 | K126: =SUM(K104:K124) -> 100 | L126: =SUM(L104:L124) -> 100 | M126: =SUM(M104:M124) -> 100 | P126: Totale ritverdeling | Q126: =SUM(Q104:Q124) -> 120 | R126: =SUM(R104:R124) -> 100 | S126: =SUM(S104:S124) -> 100 | T126: =SUM(T104:T124) -> 100
B127: Eindafrekening | C127: 195 | D127: 100 | E127: 50 | F127: 40 | I127: Eindafrekening | J127: 195 | K127: 100 | L127: 50 | M127: 40 | P127: Eindafrekening | Q127: 195 | R127: 100 | S127: 50 | T127: 40
B129: MAX totaal/trui | C129: =SUM(C126,C127) -> 395 | D129: =SUM(D126,D127) -> 200 | E129: =SUM(E126,E127) -> 150 | F129: =SUM(F126,F127) -> 90 | I129: MAX totaal/trui | J129: =SUM(J126,J127) -> 295 | K129: =SUM(K126,K127) -> 200 | L129: =SUM(L126,L127) -> 150 | M129: =SUM(M126,M127) -> 140 | P129: MAX totaal/trui | Q129: =SUM(Q126,Q127) -> 315 | R129: =SUM(R126,R127) -> 200 | S129: =SUM(S126,S127) -> 150 | T129: =SUM(T126,T127) -> 140
A132: Scenario 5
A133: Dezelfde renner heeft slechts een kwart van de ritten (5) 1 van de 4 truien én is slechts derde in het eindklassement
B135: Ritten | C135: Algemeen | D135: Sprint | E135: Berg | F135: Jongeren | I135: Ritten | J135: Algemeen | K135: Sprint | L135: Berg | M135: Jongeren | P135: Ritten | Q135: Algemeen | R135: Sprint | S135: Berg | T135: Jongeren
...
